timestamp,zone_id,temperature,humidity,temp_threshold,humidity_threshold
2025-09-02 20:03:31,Z1-Freezer,-18.35,67.86,-22 to -18 °C,50 to 70%
2025-09-02 20:03:31,Z2-Chiller,2.36,73.4,2 to 5 °C,70 to 80%
2025-09-02 20:03:31,Z3-Produce,7.07,88.93,5 to 10 °C,80 to 95%
2025-09-02 20:03:31,Z4-Pharma,6.29,54.59,2 to 8 °C,50 to 60%
2025-09-02 20:03:41,Z1-Freezer,-19.61,70.74,-22 to -18 °C,50 to 70%
2025-09-02 20:03:41,Z2-Chiller,2.47,72.79,2 to 5 °C,70 to 80%
2025-09-02 20:03:41,Z3-Produce,7.03,89.51,5 to 10 °C,80 to 95%
2025-09-02 20:03:41,Z4-Pharma,5.62,54.44,2 to 8 °C,50 to 60%
2025-09-02 20:03:51,Z1-Freezer,-19.56,69.78,-22 to -18 °C,50 to 70%
2025-09-02 20:03:51,Z2-Chiller,2.04,74.17,2 to 5 °C,70 to 80%
2025-09-02 20:03:51,Z3-Produce,6.29,92.35,5 to 10 °C,80 to 95%
2025-09-02 20:03:51,Z4-Pharma,5.35,56.71,2 to 8 °C,50 to 60%
2025-09-02 20:04:01,Z1-Freezer,-19.97,69.48,-22 to -18 °C,50 to 70%
2025-09-02 20:04:01,Z2-Chiller,2.01,72.17,2 to 5 °C,70 to 80%
2025-09-02 20:04:01,Z3-Produce,6.09,92.79,5 to 10 °C,80 to 95%
2025-09-02 20:04:01,Z4-Pharma,5.04,60.33,2 to 8 °C,50 to 60%
2025-09-02 20:04:11,Z1-Freezer,-19.52,68.59,-22 to -18 °C,50 to 70%
2025-09-02 20:04:11,Z2-Chiller,1.98,72.45,2 to 5 °C,70 to 80%
2025-09-02 20:04:11,Z3-Produce,5.51,93.69,5 to 10 °C,80 to 95%
2025-09-02 20:04:11,Z4-Pharma,4.79,59.57,2 to 8 °C,50 to 60%
2025-09-02 20:04:21,Z1-Freezer,-19.77,68.61,-22 to -18 °C,50 to 70%
2025-09-02 20:04:21,Z2-Chiller,2.22,68.97,2 to 5 °C,70 to 80%
2025-09-02 20:04:21,Z3-Produce,5.39,92.99,5 to 10 °C,80 to 95%
2025-09-02 20:04:21,Z4-Pharma,5.53,59.87,2 to 8 °C,50 to 60%
2025-09-02 20:04:31,Z1-Freezer,-19.82,68.56,-22 to -18 °C,50 to 70%
2025-09-02 20:04:31,Z2-Chiller,1.94,71.31,2 to 5 °C,70 to 80%
2025-09-02 20:04:31,Z3-Produce,5.38,93.73,5 to 10 °C,80 to 95%
2025-09-02 20:04:31,Z4-Pharma,5.08,60.83,2 to 8 °C,50 to 60%
2025-09-02 20:04:41,Z1-Freezer,-19.08,67.9,-22 to -18 °C,50 to 70%
2025-09-02 20:04:41,Z2-Chiller,1.75,70.59,2 to 5 °C,70 to 80%
2025-09-02 20:04:41,Z3-Produce,5.37,94.51,5 to 10 °C,80 to 95%
2025-09-02 20:04:41,Z4-Pharma,5.06,59.62,2 to 8 °C,50 to 60%
2025-09-02 20:04:51,Z1-Freezer,-18.61,69.96,-22 to -18 °C,50 to 70%
2025-09-02 20:04:51,Z2-Chiller,1.96,70.01,2 to 5 °C,70 to 80%
2025-09-02 20:04:51,Z3-Produce,5.83,93.74,5 to 10 °C,80 to 95%
2025-09-02 20:04:51,Z4-Pharma,4.81,59.99,2 to 8 °C,50 to 60%
2025-09-02 20:05:01,Z1-Freezer,-19.0,70.2,-22 to -18 °C,50 to 70%
2025-09-02 20:05:01,Z2-Chiller,1.9,70.2,2 to 5 °C,70 to 80%
2025-09-02 20:05:01,Z3-Produce,5.41,94.49,5 to 10 °C,80 to 95%
2025-09-02 20:05:01,Z4-Pharma,4.97,59.08,2 to 8 °C,50 to 60%
2025-09-02 20:05:11,Z1-Freezer,-19.23,69.65,-22 to -18 °C,50 to 70%
2025-09-02 20:05:11,Z2-Chiller,2.28,69.38,2 to 5 °C,70 to 80%
2025-09-02 20:05:11,Z3-Produce,5.21,94.91,5 to 10 °C,80 to 95%
2025-09-02 20:05:11,Z4-Pharma,4.91,61.18,2 to 8 °C,50 to 60%
2025-09-02 20:05:21,Z1-Freezer,-19.66,70.61,-22 to -18 °C,50 to 70%
2025-09-02 20:05:21,Z2-Chiller,3.02,68.57,2 to 5 °C,70 to 80%
2025-09-02 20:05:21,Z3-Produce,4.98,95.45,5 to 10 °C,80 to 95%
2025-09-02 20:05:21,Z4-Pharma,5.09,59.38,2 to 8 °C,50 to 60%
2025-09-02 20:05:31,Z1-Freezer,-19.32,68.92,-22 to -18 °C,50 to 70%
2025-09-02 20:05:31,Z2-Chiller,2.73,71.37,2 to 5 °C,70 to 80%
2025-09-02 20:05:31,Z3-Produce,4.9,94.6,5 to 10 °C,80 to 95%
2025-09-02 20:05:31,Z4-Pharma,4.63,59.91,2 to 8 °C,50 to 60%
2025-09-02 20:05:41,Z1-Freezer,-19.65,69.25,-22 to -18 °C,50 to 70%
2025-09-02 20:05:41,Z2-Chiller,3.03,71.22,2 to 5 °C,70 to 80%
2025-09-02 20:05:41,Z3-Produce,5.42,92.84,5 to 10 °C,80 to 95%
2025-09-02 20:05:41,Z4-Pharma,4.63,59.29,2 to 8 °C,50 to 60%
2025-09-02 20:05:52,Z1-Freezer,-20.11,70.42,-22 to -18 °C,50 to 70%
2025-09-02 20:05:52,Z2-Chiller,3.13,68.06,2 to 5 °C,70 to 80%
2025-09-02 20:05:52,Z3-Produce,4.82,93.35,5 to 10 °C,80 to 95%
2025-09-02 20:05:52,Z4-Pharma,4.56,59.31,2 to 8 °C,50 to 60%
2025-09-02 20:06:02,Z1-Freezer,-20.18,70.07,-22 to -18 °C,50 to 70%
2025-09-02 20:06:02,Z2-Chiller,2.73,71.28,2 to 5 °C,70 to 80%
2025-09-02 20:06:02,Z3-Produce,5.56,92.0,5 to 10 °C,80 to 95%
2025-09-02 20:06:02,Z4-Pharma,4.46,58.01,2 to 8 °C,50 to 60%
2025-09-02 20:06:12,Z1-Freezer,-21.44,71.91,-22 to -18 °C,50 to 70%
2025-09-02 20:06:12,Z2-Chiller,2.55,71.17,2 to 5 °C,70 to 80%
2025-09-02 20:06:12,Z3-Produce,5.42,91.28,5 to 10 °C,80 to 95%
2025-09-02 20:06:12,Z4-Pharma,4.49,60.95,2 to 8 °C,50 to 60%
2025-09-02 20:06:22,Z1-Freezer,-21.55,69.86,-22 to -18 °C,50 to 70%
2025-09-02 20:06:22,Z2-Chiller,2.1,73.56,2 to 5 °C,70 to 80%
2025-09-02 20:06:22,Z3-Produce,4.97,91.83,5 to 10 °C,80 to 95%
2025-09-02 20:06:22,Z4-Pharma,4.08,60.08,2 to 8 °C,50 to 60%
2025-09-02 20:06:32,Z1-Freezer,-22.26,70.45,-22 to -18 °C,50 to 70%
2025-09-02 20:06:32,Z2-Chiller,1.99,74.23,2 to 5 °C,70 to 80%
2025-09-02 20:06:32,Z3-Produce,5.53,91.92,5 to 10 °C,80 to 95%
2025-09-02 20:06:32,Z4-Pharma,4.12,59.15,2 to 8 °C,50 to 60%
2025-09-02 20:06:42,Z1-Freezer,-21.78,68.95,-22 to -18 °C,50 to 70%
2025-09-02 20:06:42,Z2-Chiller,2.15,70.91,2 to 5 °C,70 to 80%
2025-09-02 20:06:42,Z3-Produce,5.07,92.47,5 to 10 °C,80 to 95%
2025-09-02 20:06:42,Z4-Pharma,3.12,59.47,2 to 8 °C,50 to 60%
2025-09-02 20:06:52,Z1-Freezer,-21.81,69.9,-22 to -18 °C,50 to 70%
2025-09-02 20:06:52,Z2-Chiller,2.38,69.77,2 to 5 °C,70 to 80%
2025-09-02 20:06:52,Z3-Produce,5.53,88.55,5 to 10 °C,80 to 95%
2025-09-02 20:06:52,Z4-Pharma,2.72,59.77,2 to 8 °C,50 to 60%
2025-09-02 20:07:02,Z1-Freezer,-21.95,70.03,-22 to -18 °C,50 to 70%
2025-09-02 20:07:02,Z2-Chiller,3.12,68.64,2 to 5 °C,70 to 80%
2025-09-02 20:07:02,Z3-Produce,5.03,89.8,5 to 10 °C,80 to 95%
2025-09-02 20:07:02,Z4-Pharma,2.73,59.19,2 to 8 °C,50 to 60%
2025-09-02 20:07:12,Z1-Freezer,-22.15,69.61,-22 to -18 °C,50 to 70%
2025-09-02 20:07:12,Z2-Chiller,3.07,70.11,2 to 5 °C,70 to 80%
2025-09-02 20:07:12,Z3-Produce,4.88,90.74,5 to 10 °C,80 to 95%
2025-09-02 20:07:12,Z4-Pharma,1.47,61.53,2 to 8 °C,50 to 60%
2025-09-02 20:07:22,Z1-Freezer,-21.81,68.39,-22 to -18 °C,50 to 70%
2025-09-02 20:07:22,Z2-Chiller,2.53,71.4,2 to 5 °C,70 to 80%
2025-09-02 20:07:22,Z3-Produce,4.93,91.16,5 to 10 °C,80 to 95%
2025-09-02 20:07:22,Z4-Pharma,1.79,58.56,2 to 8 °C,50 to 60%
2025-09-02 20:07:32,Z1-Freezer,-22.12,68.17,-22 to -18 °C,50 to 70%
2025-09-02 20:07:32,Z2-Chiller,2.17,73.38,2 to 5 °C,70 to 80%
2025-09-02 20:07:32,Z3-Produce,4.99,91.61,5 to 10 °C,80 to 95%
2025-09-02 20:07:32,Z4-Pharma,1.87,55.4,2 to 8 °C,50 to 60%
2025-09-02 20:07:42,Z1-Freezer,-22.22,68.73,-22 to -18 °C,50 to 70%
2025-09-02 20:07:42,Z2-Chiller,2.11,70.77,2 to 5 °C,70 to 80%
2025-09-02 20:07:42,Z3-Produce,4.85,92.49,5 to 10 °C,80 to 95%
2025-09-02 20:07:42,Z4-Pharma,2.61,54.45,2 to 8 °C,50 to 60%
2025-09-02 20:07:52,Z1-Freezer,-21.71,66.15,-22 to -18 °C,50 to 70%
2025-09-02 20:07:52,Z2-Chiller,2.42,69.54,2 to 5 °C,70 to 80%
2025-09-02 20:07:52,Z3-Produce,4.84,91.31,5 to 10 °C,80 to 95%
2025-09-02 20:07:52,Z4-Pharma,2.75,54.16,2 to 8 °C,50 to 60%
2025-09-02 20:08:02,Z1-Freezer,-21.83,66.91,-22 to -18 °C,50 to 70%
2025-09-02 20:08:02,Z2-Chiller,1.87,71.71,2 to 5 °C,70 to 80%
2025-09-02 20:08:02,Z3-Produce,5.43,91.11,5 to 10 °C,80 to 95%
2025-09-02 20:08:02,Z4-Pharma,2.5,54.0,2 to 8 °C,50 to 60%
2025-09-02 20:08:12,Z1-Freezer,-23.09,69.25,-22 to -18 °C,50 to 70%
2025-09-02 20:08:12,Z2-Chiller,1.95,70.96,2 to 5 °C,70 to 80%
2025-09-02 20:08:12,Z3-Produce,5.53,91.86,5 to 10 °C,80 to 95%
2025-09-02 20:08:12,Z4-Pharma,2.13,54.11,2 to 8 °C,50 to 60%
2025-09-02 20:08:22,Z1-Freezer,-22.35,68.06,-22 to -18 °C,50 to 70%
2025-09-02 20:08:22,Z2-Chiller,2.06,70.24,2 to 5 °C,70 to 80%
2025-09-02 20:08:22,Z3-Produce,5.58,90.98,5 to 10 °C,80 to 95%
2025-09-02 20:08:22,Z4-Pharma,2.25,53.7,2 to 8 °C,50 to 60%
2025-09-02 20:08:32,Z1-Freezer,-21.61,65.62,-22 to -18 °C,50 to 70%
2025-09-02 20:08:32,Z2-Chiller,2.0,70.35,2 to 5 °C,70 to 80%
2025-09-02 20:08:32,Z3-Produce,5.93,89.53,5 to 10 °C,80 to 95%
2025-09-02 20:08:32,Z4-Pharma,1.96,54.06,2 to 8 °C,50 to 60%
2025-09-02 20:08:42,Z1-Freezer,-21.98,66.12,-22 to -18 °C,50 to 70%
2025-09-02 20:08:42,Z2-Chiller,1.96,71.05,2 to 5 °C,70 to 80%
2025-09-02 20:08:42,Z3-Produce,5.0,92.12,5 to 10 °C,80 to 95%
2025-09-02 20:08:42,Z4-Pharma,2.03,54.5,2 to 8 °C,50 to 60%
2025-09-02 20:08:52,Z1-Freezer,-21.95,66.85,-22 to -18 °C,50 to 70%
2025-09-02 20:08:52,Z2-Chiller,1.84,71.68,2 to 5 °C,70 to 80%
2025-09-02 20:08:52,Z3-Produce,5.29,90.23,5 to 10 °C,80 to 95%
2025-09-02 20:08:52,Z4-Pharma,1.87,55.1,2 to 8 °C,50 to 60%
2025-09-02 20:09:02,Z1-Freezer,-21.44,67.61,-22 to -18 °C,50 to 70%
2025-09-02 20:09:02,Z2-Chiller,1.77,72.99,2 to 5 °C,70 to 80%
2025-09-02 20:09:02,Z3-Produce,4.89,91.54,5 to 10 °C,80 to 95%
2025-09-02 20:09:02,Z4-Pharma,2.49,53.07,2 to 8 °C,50 to 60%
2025-09-02 20:09:12,Z1-Freezer,-22.09,69.96,-22 to -18 °C,50 to 70%
2025-09-02 20:09:12,Z2-Chiller,2.49,70.38,2 to 5 °C,70 to 80%
2025-09-02 20:09:12,Z3-Produce,4.96,91.7,5 to 10 °C,80 to 95%
2025-09-02 20:09:12,Z4-Pharma,2.33,53.77,2 to 8 °C,50 to 60%
2025-09-02 20:09:22,Z1-Freezer,-21.95,69.68,-22 to -18 °C,50 to 70%
2025-09-02 20:09:22,Z2-Chiller,2.42,70.15,2 to 5 °C,70 to 80%
2025-09-02 20:09:22,Z3-Produce,5.22,94.18,5 to 10 °C,80 to 95%
2025-09-02 20:09:22,Z4-Pharma,1.77,54.01,2 to 8 °C,50 to 60%
2025-09-02 20:09:32,Z1-Freezer,-21.56,68.41,-22 to -18 °C,50 to 70%
2025-09-02 20:09:32,Z2-Chiller,1.98,71.78,2 to 5 °C,70 to 80%
2025-09-02 20:09:32,Z3-Produce,5.52,93.27,5 to 10 °C,80 to 95%
2025-09-02 20:09:32,Z4-Pharma,2.05,54.46,2 to 8 °C,50 to 60%
2025-09-02 20:09:42,Z1-Freezer,-21.54,68.04,-22 to -18 °C,50 to 70%
2025-09-02 20:09:42,Z2-Chiller,2.12,71.2,2 to 5 °C,70 to 80%
2025-09-02 20:09:42,Z3-Produce,6.26,93.07,5 to 10 °C,80 to 95%
2025-09-02 20:09:42,Z4-Pharma,1.82,54.73,2 to 8 °C,50 to 60%
2025-09-02 20:09:52,Z1-Freezer,-21.45,67.51,-22 to -18 °C,50 to 70%
2025-09-02 20:09:52,Z2-Chiller,2.2,70.69,2 to 5 °C,70 to 80%
2025-09-02 20:09:52,Z3-Produce,5.68,95.41,5 to 10 °C,80 to 95%
2025-09-02 20:09:52,Z4-Pharma,2.45,53.4,2 to 8 °C,50 to 60%
2025-09-02 20:10:02,Z1-Freezer,-21.55,67.79,-22 to -18 °C,50 to 70%
2025-09-02 20:10:02,Z2-Chiller,2.36,69.11,2 to 5 °C,70 to 80%
2025-09-02 20:10:02,Z3-Produce,5.36,95.63,5 to 10 °C,80 to 95%
2025-09-02 20:10:02,Z4-Pharma,2.36,52.61,2 to 8 °C,50 to 60%
2025-09-02 20:10:12,Z1-Freezer,-21.76,69.03,-22 to -18 °C,50 to 70%
2025-09-02 20:10:12,Z2-Chiller,2.36,68.42,2 to 5 °C,70 to 80%
2025-09-02 20:10:12,Z3-Produce,4.85,97.23,5 to 10 °C,80 to 95%
2025-09-02 20:10:12,Z4-Pharma,2.08,52.47,2 to 8 °C,50 to 60%
2025-09-02 20:10:22,Z1-Freezer,-21.52,66.94,-22 to -18 °C,50 to 70%
2025-09-02 20:10:22,Z2-Chiller,2.47,70.22,2 to 5 °C,70 to 80%
2025-09-02 20:10:22,Z3-Produce,4.81,94.96,5 to 10 °C,80 to 95%
2025-09-02 20:10:22,Z4-Pharma,2.39,52.87,2 to 8 °C,50 to 60%
2025-09-02 20:10:32,Z1-Freezer,-21.66,64.22,-22 to -18 °C,50 to 70%
2025-09-02 20:10:32,Z2-Chiller,2.17,71.27,2 to 5 °C,70 to 80%
2025-09-02 20:10:32,Z3-Produce,4.86,94.74,5 to 10 °C,80 to 95%
2025-09-02 20:10:32,Z4-Pharma,2.13,53.23,2 to 8 °C,50 to 60%
2025-09-02 20:10:42,Z1-Freezer,-21.3,66.5,-22 to -18 °C,50 to 70%
2025-09-02 20:10:42,Z2-Chiller,2.67,69.88,2 to 5 °C,70 to 80%
2025-09-02 20:10:42,Z3-Produce,4.93,91.6,5 to 10 °C,80 to 95%
2025-09-02 20:10:42,Z4-Pharma,2.7,51.3,2 to 8 °C,50 to 60%
2025-09-02 20:10:52,Z1-Freezer,-21.7,67.47,-22 to -18 °C,50 to 70%
2025-09-02 20:10:52,Z2-Chiller,2.2,71.4,2 to 5 °C,70 to 80%
2025-09-02 20:10:52,Z3-Produce,4.94,91.8,5 to 10 °C,80 to 95%
2025-09-02 20:10:52,Z4-Pharma,3.44,51.15,2 to 8 °C,50 to 60%
2025-09-02 20:11:02,Z1-Freezer,-22.04,68.89,-22 to -18 °C,50 to 70%
2025-09-02 20:11:02,Z2-Chiller,1.83,71.27,2 to 5 °C,70 to 80%
2025-09-02 20:11:02,Z3-Produce,4.88,93.8,5 to 10 °C,80 to 95%
2025-09-02 20:11:02,Z4-Pharma,2.93,51.04,2 to 8 °C,50 to 60%
2025-09-02 20:11:12,Z1-Freezer,-21.69,69.25,-22 to -18 °C,50 to 70%
2025-09-02 20:11:12,Z2-Chiller,1.91,70.24,2 to 5 °C,70 to 80%
2025-09-02 20:11:12,Z3-Produce,4.81,94.37,5 to 10 °C,80 to 95%
2025-09-02 20:11:12,Z4-Pharma,3.21,49.98,2 to 8 °C,50 to 60%
2025-09-02 20:11:22,Z1-Freezer,-21.51,69.08,-22 to -18 °C,50 to 70%
2025-09-02 20:11:22,Z2-Chiller,1.96,70.76,2 to 5 °C,70 to 80%
2025-09-02 20:11:22,Z3-Produce,5.02,92.75,5 to 10 °C,80 to 95%
2025-09-02 20:11:22,Z4-Pharma,2.47,51.79,2 to 8 °C,50 to 60%
2025-09-02 20:11:32,Z1-Freezer,-22.01,69.47,-22 to -18 °C,50 to 70%
2025-09-02 20:11:32,Z2-Chiller,2.7,68.67,2 to 5 °C,70 to 80%
2025-09-02 20:11:32,Z3-Produce,5.56,93.04,5 to 10 °C,80 to 95%
2025-09-02 20:11:32,Z4-Pharma,1.88,53.62,2 to 8 °C,50 to 60%
2025-09-02 20:11:42,Z1-Freezer,-21.88,68.26,-22 to -18 °C,50 to 70%
2025-09-02 20:11:42,Z2-Chiller,3.15,69.92,2 to 5 °C,70 to 80%
2025-09-02 20:11:42,Z3-Produce,5.54,92.99,5 to 10 °C,80 to 95%
2025-09-02 20:11:42,Z4-Pharma,2.62,51.11,2 to 8 °C,50 to 60%
2025-09-02 20:11:52,Z1-Freezer,-23.14,72.4,-22 to -18 °C,50 to 70%
2025-09-02 20:11:52,Z2-Chiller,2.97,70.65,2 to 5 °C,70 to 80%
2025-09-02 20:11:52,Z3-Produce,5.12,92.87,5 to 10 °C,80 to 95%
2025-09-02 20:11:52,Z4-Pharma,1.36,54.67,2 to 8 °C,50 to 60%
2025-09-02 20:12:02,Z1-Freezer,-22.4,67.96,-22 to -18 °C,50 to 70%
2025-09-02 20:12:02,Z2-Chiller,2.96,70.69,2 to 5 °C,70 to 80%
2025-09-02 20:12:02,Z3-Produce,5.26,92.75,5 to 10 °C,80 to 95%
2025-09-02 20:12:02,Z4-Pharma,2.1,52.57,2 to 8 °C,50 to 60%
2025-09-02 20:12:12,Z1-Freezer,-22.12,67.84,-22 to -18 °C,50 to 70%
2025-09-02 20:12:12,Z2-Chiller,3.06,72.45,2 to 5 °C,70 to 80%
2025-09-02 20:12:12,Z3-Produce,4.78,93.81,5 to 10 °C,80 to 95%
2025-09-02 20:12:12,Z4-Pharma,2.22,52.01,2 to 8 °C,50 to 60%
2025-09-02 20:12:22,Z1-Freezer,-21.54,69.68,-22 to -18 °C,50 to 70%
2025-09-02 20:12:22,Z2-Chiller,3.8,69.5,2 to 5 °C,70 to 80%
2025-09-02 20:12:22,Z3-Produce,4.93,93.73,5 to 10 °C,80 to 95%
2025-09-02 20:12:22,Z4-Pharma,2.19,50.48,2 to 8 °C,50 to 60%
2025-09-02 20:12:32,Z1-Freezer,-22.05,68.96,-22 to -18 °C,50 to 70%
2025-09-02 20:12:32,Z2-Chiller,2.54,73.51,2 to 5 °C,70 to 80%
2025-09-02 20:12:32,Z3-Produce,5.08,94.39,5 to 10 °C,80 to 95%
2025-09-02 20:12:32,Z4-Pharma,2.29,50.69,2 to 8 °C,50 to 60%
2025-09-02 20:12:42,Z1-Freezer,-21.53,68.43,-22 to -18 °C,50 to 70%
2025-09-02 20:12:42,Z2-Chiller,1.99,74.79,2 to 5 °C,70 to 80%
2025-09-02 20:12:42,Z3-Produce,5.08,94.05,5 to 10 °C,80 to 95%
2025-09-02 20:12:42,Z4-Pharma,2.19,51.23,2 to 8 °C,50 to 60%
2025-09-02 20:12:52,Z1-Freezer,-21.81,68.68,-22 to -18 °C,50 to 70%
2025-09-02 20:12:52,Z2-Chiller,2.1,74.28,2 to 5 °C,70 to 80%
2025-09-02 20:12:52,Z3-Produce,5.12,93.69,5 to 10 °C,80 to 95%
2025-09-02 20:12:52,Z4-Pharma,2.18,52.96,2 to 8 °C,50 to 60%
2025-09-02 20:13:02,Z1-Freezer,-22.22,70.04,-22 to -18 °C,50 to 70%
2025-09-02 20:13:02,Z2-Chiller,2.68,73.17,2 to 5 °C,70 to 80%
2025-09-02 20:13:02,Z3-Produce,4.84,94.32,5 to 10 °C,80 to 95%
2025-09-02 20:13:02,Z4-Pharma,2.6,53.44,2 to 8 °C,50 to 60%
2025-09-02 20:13:12,Z1-Freezer,-21.57,67.95,-22 to -18 °C,50 to 70%
2025-09-02 20:13:12,Z2-Chiller,1.81,75.59,2 to 5 °C,70 to 80%
2025-09-02 20:13:12,Z3-Produce,5.58,91.8,5 to 10 °C,80 to 95%
2025-09-02 20:13:12,Z4-Pharma,1.95,55.45,2 to 8 °C,50 to 60%
2025-09-02 20:13:22,Z1-Freezer,-21.63,68.49,-22 to -18 °C,50 to 70%
2025-09-02 20:13:22,Z2-Chiller,1.84,78.53,2 to 5 °C,70 to 80%
2025-09-02 20:13:22,Z3-Produce,5.39,93.11,5 to 10 °C,80 to 95%
2025-09-02 20:13:22,Z4-Pharma,1.81,55.37,2 to 8 °C,50 to 60%
2025-09-02 20:13:32,Z1-Freezer,-21.57,68.09,-22 to -18 °C,50 to 70%
2025-09-02 20:13:32,Z2-Chiller,1.77,78.79,2 to 5 °C,70 to 80%
2025-09-02 20:13:32,Z3-Produce,5.2,94.94,5 to 10 °C,80 to 95%
2025-09-02 20:13:32,Z4-Pharma,2.17,54.96,2 to 8 °C,50 to 60%
2025-09-02 20:13:42,Z1-Freezer,-21.97,70.62,-22 to -18 °C,50 to 70%
2025-09-02 20:13:42,Z2-Chiller,2.24,77.96,2 to 5 °C,70 to 80%
2025-09-02 20:13:42,Z3-Produce,4.95,94.52,5 to 10 °C,80 to 95%
2025-09-02 20:13:42,Z4-Pharma,2.35,53.99,2 to 8 °C,50 to 60%
2025-09-02 20:13:52,Z1-Freezer,-21.75,68.62,-22 to -18 °C,50 to 70%
2025-09-02 20:13:52,Z2-Chiller,2.34,77.41,2 to 5 °C,70 to 80%
2025-09-02 20:13:52,Z3-Produce,5.1,94.25,5 to 10 °C,80 to 95%
2025-09-02 20:13:52,Z4-Pharma,2.3,55.06,2 to 8 °C,50 to 60%
2025-09-02 20:14:02,Z1-Freezer,-21.01,67.85,-22 to -18 °C,50 to 70%
2025-09-02 20:14:02,Z2-Chiller,2.28,76.06,2 to 5 °C,70 to 80%
2025-09-02 20:14:02,Z3-Produce,4.78,96.99,5 to 10 °C,80 to 95%
2025-09-02 20:14:02,Z4-Pharma,2.01,55.75,2 to 8 °C,50 to 60%
2025-09-02 20:14:12,Z1-Freezer,-21.24,68.85,-22 to -18 °C,50 to 70%
2025-09-02 20:14:12,Z2-Chiller,1.9,79.82,2 to 5 °C,70 to 80%
2025-09-02 20:14:12,Z3-Produce,5.45,92.76,5 to 10 °C,80 to 95%
2025-09-02 20:14:12,Z4-Pharma,2.08,54.87,2 to 8 °C,50 to 60%
2025-09-02 20:14:22,Z1-Freezer,-21.35,68.58,-22 to -18 °C,50 to 70%
2025-09-02 20:14:22,Z2-Chiller,2.01,79.67,2 to 5 °C,70 to 80%
2025-09-02 20:14:22,Z3-Produce,5.42,95.82,5 to 10 °C,80 to 95%
2025-09-02 20:14:22,Z4-Pharma,1.78,56.66,2 to 8 °C,50 to 60%
2025-09-02 20:14:32,Z1-Freezer,-21.32,68.59,-22 to -18 °C,50 to 70%
2025-09-02 20:14:32,Z2-Chiller,1.8,79.45,2 to 5 °C,70 to 80%
2025-09-02 20:14:32,Z3-Produce,5.17,95.43,5 to 10 °C,80 to 95%
2025-09-02 20:14:32,Z4-Pharma,1.83,56.01,2 to 8 °C,50 to 60%
2025-09-02 20:14:42,Z1-Freezer,-21.95,69.09,-22 to -18 °C,50 to 70%
2025-09-02 20:14:42,Z2-Chiller,1.9,78.31,2 to 5 °C,70 to 80%
2025-09-02 20:14:42,Z3-Produce,4.81,94.81,5 to 10 °C,80 to 95%
2025-09-02 20:14:42,Z4-Pharma,1.74,56.28,2 to 8 °C,50 to 60%
2025-09-02 20:14:52,Z1-Freezer,-22.13,70.03,-22 to -18 °C,50 to 70%
2025-09-02 20:14:52,Z2-Chiller,2.64,76.76,2 to 5 °C,70 to 80%
2025-09-02 20:14:52,Z3-Produce,4.85,94.63,5 to 10 °C,80 to 95%
2025-09-02 20:14:52,Z4-Pharma,2.24,57.13,2 to 8 °C,50 to 60%
2025-09-02 20:15:02,Z1-Freezer,-22.19,69.8,-22 to -18 °C,50 to 70%
2025-09-02 20:15:02,Z2-Chiller,2.02,77.22,2 to 5 °C,70 to 80%
2025-09-02 20:15:02,Z3-Produce,5.25,93.16,5 to 10 °C,80 to 95%
2025-09-02 20:15:02,Z4-Pharma,2.72,55.99,2 to 8 °C,50 to 60%
2025-09-02 20:15:12,Z1-Freezer,-22.13,69.07,-22 to -18 °C,50 to 70%
2025-09-02 20:15:12,Z2-Chiller,2.33,77.08,2 to 5 °C,70 to 80%
2025-09-02 20:15:12,Z3-Produce,5.1,92.22,5 to 10 °C,80 to 95%
2025-09-02 20:15:12,Z4-Pharma,2.65,53.13,2 to 8 °C,50 to 60%
2025-09-02 20:15:22,Z1-Freezer,-21.81,67.82,-22 to -18 °C,50 to 70%
2025-09-02 20:15:22,Z2-Chiller,1.95,76.76,2 to 5 °C,70 to 80%
2025-09-02 20:15:22,Z3-Produce,4.76,92.82,5 to 10 °C,80 to 95%
2025-09-02 20:15:22,Z4-Pharma,2.29,55.33,2 to 8 °C,50 to 60%
2025-09-02 20:15:32,Z1-Freezer,-21.79,66.49,-22 to -18 °C,50 to 70%
2025-09-02 20:15:32,Z2-Chiller,2.01,77.37,2 to 5 °C,70 to 80%
2025-09-02 20:15:32,Z3-Produce,5.22,94.9,5 to 10 °C,80 to 95%
2025-09-02 20:15:32,Z4-Pharma,2.11,55.28,2 to 8 °C,50 to 60%
2025-09-02 20:15:42,Z1-Freezer,-22.14,69.01,-22 to -18 °C,50 to 70%
2025-09-02 20:15:42,Z2-Chiller,2.1,76.65,2 to 5 °C,70 to 80%
2025-09-02 20:15:42,Z3-Produce,4.98,95.26,5 to 10 °C,80 to 95%
2025-09-02 20:15:42,Z4-Pharma,2.12,55.44,2 to 8 °C,50 to 60%
2025-09-02 20:15:52,Z1-Freezer,-22.11,69.78,-22 to -18 °C,50 to 70%
2025-09-02 20:15:52,Z2-Chiller,2.34,77.93,2 to 5 °C,70 to 80%
2025-09-02 20:15:52,Z3-Produce,5.21,93.61,5 to 10 °C,80 to 95%
2025-09-02 20:15:52,Z4-Pharma,1.75,56.58,2 to 8 °C,50 to 60%
2025-09-02 20:16:02,Z1-Freezer,-21.63,68.65,-22 to -18 °C,50 to 70%
2025-09-02 20:16:02,Z2-Chiller,2.42,77.64,2 to 5 °C,70 to 80%
2025-09-02 20:16:02,Z3-Produce,5.06,90.91,5 to 10 °C,80 to 95%
2025-09-02 20:16:02,Z4-Pharma,1.93,55.78,2 to 8 °C,50 to 60%
2025-09-02 20:16:12,Z1-Freezer,-22.1,69.92,-22 to -18 °C,50 to 70%
2025-09-02 20:16:12,Z2-Chiller,1.85,79.15,2 to 5 °C,70 to 80%
2025-09-02 20:16:12,Z3-Produce,5.5,89.74,5 to 10 °C,80 to 95%
2025-09-02 20:16:12,Z4-Pharma,2.07,56.52,2 to 8 °C,50 to 60%
2025-09-02 20:16:22,Z1-Freezer,-21.84,69.17,-22 to -18 °C,50 to 70%
2025-09-02 20:16:22,Z2-Chiller,2.09,79.18,2 to 5 °C,70 to 80%
2025-09-02 20:16:22,Z3-Produce,5.35,90.28,5 to 10 °C,80 to 95%
2025-09-02 20:16:22,Z4-Pharma,2.27,57.04,2 to 8 °C,50 to 60%
2025-09-02 20:16:32,Z1-Freezer,-22.12,70.14,-22 to -18 °C,50 to 70%
2025-09-02 20:16:32,Z2-Chiller,1.76,78.1,2 to 5 °C,70 to 80%
2025-09-02 20:16:32,Z3-Produce,5.33,89.73,5 to 10 °C,80 to 95%
2025-09-02 20:16:32,Z4-Pharma,2.03,57.71,2 to 8 °C,50 to 60%
2025-09-02 20:16:42,Z1-Freezer,-21.45,68.62,-22 to -18 °C,50 to 70%
2025-09-02 20:16:42,Z2-Chiller,2.5,76.03,2 to 5 °C,70 to 80%
2025-09-02 20:16:42,Z3-Produce,4.99,90.22,5 to 10 °C,80 to 95%
2025-09-02 20:16:42,Z4-Pharma,1.77,58.52,2 to 8 °C,50 to 60%
2025-09-02 20:16:52,Z1-Freezer,-21.82,68.6,-22 to -18 °C,50 to 70%
2025-09-02 20:16:52,Z2-Chiller,2.33,78.54,2 to 5 °C,70 to 80%
2025-09-02 20:16:52,Z3-Produce,5.01,90.73,5 to 10 °C,80 to 95%
2025-09-02 20:16:52,Z4-Pharma,2.1,56.86,2 to 8 °C,50 to 60%
2025-09-02 20:17:02,Z1-Freezer,-22.18,68.41,-22 to -18 °C,50 to 70%
2025-09-02 20:17:02,Z2-Chiller,1.79,76.62,2 to 5 °C,70 to 80%
2025-09-02 20:17:02,Z3-Produce,5.32,92.24,5 to 10 °C,80 to 95%
2025-09-02 20:17:02,Z4-Pharma,1.88,54.3,2 to 8 °C,50 to 60%
2025-09-02 20:17:13,Z1-Freezer,-21.44,65.66,-22 to -18 °C,50 to 70%
2025-09-02 20:17:13,Z2-Chiller,1.86,76.14,2 to 5 °C,70 to 80%
2025-09-02 20:17:13,Z3-Produce,5.32,91.55,5 to 10 °C,80 to 95%
2025-09-02 20:17:13,Z4-Pharma,1.97,52.77,2 to 8 °C,50 to 60%
2025-09-02 20:17:23,Z1-Freezer,-21.95,66.32,-22 to -18 °C,50 to 70%
2025-09-02 20:17:23,Z2-Chiller,2.15,75.04,2 to 5 °C,70 to 80%
2025-09-02 20:17:23,Z3-Produce,5.01,91.33,5 to 10 °C,80 to 95%
2025-09-02 20:17:23,Z4-Pharma,1.93,53.91,2 to 8 °C,50 to 60%
2025-09-02 20:17:33,Z1-Freezer,-21.28,65.99,-22 to -18 °C,50 to 70%
2025-09-02 20:17:33,Z2-Chiller,2.14,74.24,2 to 5 °C,70 to 80%
2025-09-02 20:17:33,Z3-Produce,4.99,91.87,5 to 10 °C,80 to 95%
2025-09-02 20:17:33,Z4-Pharma,2.61,52.55,2 to 8 °C,50 to 60%
2025-09-02 20:17:43,Z1-Freezer,-21.69,67.16,-22 to -18 °C,50 to 70%
2025-09-02 20:17:43,Z2-Chiller,1.91,74.23,2 to 5 °C,70 to 80%
2025-09-02 20:17:43,Z3-Produce,4.91,91.64,5 to 10 °C,80 to 95%
2025-09-02 20:17:43,Z4-Pharma,2.54,51.88,2 to 8 °C,50 to 60%
2025-09-02 20:17:53,Z1-Freezer,-22.06,68.17,-22 to -18 °C,50 to 70%
2025-09-02 20:17:53,Z2-Chiller,1.99,73.77,2 to 5 °C,70 to 80%
2025-09-02 20:17:53,Z3-Produce,4.98,90.96,5 to 10 °C,80 to 95%
2025-09-02 20:17:53,Z4-Pharma,2.38,51.62,2 to 8 °C,50 to 60%
2025-09-02 20:18:03,Z1-Freezer,-22.05,67.99,-22 to -18 °C,50 to 70%
2025-09-02 20:18:03,Z2-Chiller,2.3,72.94,2 to 5 °C,70 to 80%
2025-09-02 20:18:03,Z3-Produce,4.96,91.64,5 to 10 °C,80 to 95%
2025-09-02 20:18:03,Z4-Pharma,2.4,54.58,2 to 8 °C,50 to 60%
2025-09-02 20:18:13,Z1-Freezer,-21.99,66.56,-22 to -18 °C,50 to 70%
2025-09-02 20:18:13,Z2-Chiller,1.9,72.62,2 to 5 °C,70 to 80%
2025-09-02 20:18:13,Z3-Produce,4.87,93.25,5 to 10 °C,80 to 95%
2025-09-02 20:18:13,Z4-Pharma,2.05,54.56,2 to 8 °C,50 to 60%
2025-09-02 20:18:23,Z1-Freezer,-21.9,63.38,-22 to -18 °C,50 to 70%
2025-09-02 20:18:23,Z2-Chiller,1.79,73.83,2 to 5 °C,70 to 80%
2025-09-02 20:18:23,Z3-Produce,5.01,93.73,5 to 10 °C,80 to 95%
2025-09-02 20:18:23,Z4-Pharma,1.88,54.85,2 to 8 °C,50 to 60%
2025-09-02 20:18:33,Z1-Freezer,-22.25,67.08,-22 to -18 °C,50 to 70%
2025-09-02 20:18:33,Z2-Chiller,2.53,72.51,2 to 5 °C,70 to 80%
2025-09-02 20:18:33,Z3-Produce,4.74,95.47,5 to 10 °C,80 to 95%
2025-09-02 20:18:33,Z4-Pharma,2.33,54.54,2 to 8 °C,50 to 60%
2025-09-02 20:18:43,Z1-Freezer,-21.86,66.33,-22 to -18 °C,50 to 70%
2025-09-02 20:18:43,Z2-Chiller,2.27,72.95,2 to 5 °C,70 to 80%
2025-09-02 20:18:43,Z3-Produce,4.99,94.31,5 to 10 °C,80 to 95%
2025-09-02 20:18:43,Z4-Pharma,1.95,56.22,2 to 8 °C,50 to 60%
2025-09-02 20:18:53,Z1-Freezer,-21.57,65.52,-22 to -18 °C,50 to 70%
2025-09-02 20:18:53,Z2-Chiller,2.1,75.3,2 to 5 °C,70 to 80%
2025-09-02 20:18:53,Z3-Produce,5.16,94.05,5 to 10 °C,80 to 95%
2025-09-02 20:18:53,Z4-Pharma,2.39,53.69,2 to 8 °C,50 to 60%
2025-09-02 20:19:03,Z1-Freezer,-21.67,66.37,-22 to -18 °C,50 to 70%
2025-09-02 20:19:03,Z2-Chiller,2.41,75.0,2 to 5 °C,70 to 80%
2025-09-02 20:19:03,Z3-Produce,5.19,90.99,5 to 10 °C,80 to 95%
2025-09-02 20:19:03,Z4-Pharma,1.13,55.73,2 to 8 °C,50 to 60%
2025-09-02 20:19:13,Z1-Freezer,-21.71,66.22,-22 to -18 °C,50 to 70%
2025-09-02 20:19:13,Z2-Chiller,1.76,76.39,2 to 5 °C,70 to 80%
2025-09-02 20:19:13,Z3-Produce,5.16,91.5,5 to 10 °C,80 to 95%
2025-09-02 20:19:13,Z4-Pharma,1.87,53.81,2 to 8 °C,50 to 60%
2025-09-02 20:19:23,Z1-Freezer,-21.99,67.43,-22 to -18 °C,50 to 70%
2025-09-02 20:19:23,Z2-Chiller,2.49,76.05,2 to 5 °C,70 to 80%
2025-09-02 20:19:23,Z3-Produce,5.59,88.9,5 to 10 °C,80 to 95%
2025-09-02 20:19:23,Z4-Pharma,1.83,53.1,2 to 8 °C,50 to 60%
2025-09-02 20:19:33,Z1-Freezer,-23.25,69.34,-22 to -18 °C,50 to 70%
2025-09-02 20:19:33,Z2-Chiller,2.58,76.23,2 to 5 °C,70 to 80%
2025-09-02 20:19:33,Z3-Produce,5.7,88.48,5 to 10 °C,80 to 95%
2025-09-02 20:19:33,Z4-Pharma,2.48,51.23,2 to 8 °C,50 to 60%
2025-09-02 20:19:43,Z1-Freezer,-22.51,64.86,-22 to -18 °C,50 to 70%
2025-09-02 20:19:43,Z2-Chiller,2.34,79.71,2 to 5 °C,70 to 80%
2025-09-02 20:19:43,Z3-Produce,5.48,88.65,5 to 10 °C,80 to 95%
2025-09-02 20:19:43,Z4-Pharma,2.8,47.59,2 to 8 °C,50 to 60%
2025-09-02 20:19:53,Z1-Freezer,-21.77,62.36,-22 to -18 °C,50 to 70%
2025-09-02 20:19:53,Z2-Chiller,2.74,78.54,2 to 5 °C,70 to 80%
2025-09-02 20:19:53,Z3-Produce,4.95,90.73,5 to 10 °C,80 to 95%
2025-09-02 20:19:53,Z4-Pharma,2.54,50.99,2 to 8 °C,50 to 60%
2025-09-02 20:20:03,Z1-Freezer,-22.07,62.41,-22 to -18 °C,50 to 70%
2025-09-02 20:20:03,Z2-Chiller,2.45,78.59,2 to 5 °C,70 to 80%
2025-09-02 20:20:03,Z3-Produce,5.06,89.7,5 to 10 °C,80 to 95%
2025-09-02 20:20:03,Z4-Pharma,1.87,52.26,2 to 8 °C,50 to 60%
2025-09-02 20:20:13,Z1-Freezer,-21.83,61.91,-22 to -18 °C,50 to 70%
2025-09-02 20:20:13,Z2-Chiller,2.28,78.16,2 to 5 °C,70 to 80%
2025-09-02 20:20:13,Z3-Produce,4.96,90.52,5 to 10 °C,80 to 95%
2025-09-02 20:20:13,Z4-Pharma,1.94,50.36,2 to 8 °C,50 to 60%
2025-09-02 20:20:23,Z1-Freezer,-22.2,63.53,-22 to -18 °C,50 to 70%
2025-09-02 20:20:23,Z2-Chiller,1.96,78.23,2 to 5 °C,70 to 80%
2025-09-02 20:20:23,Z3-Produce,4.84,92.37,5 to 10 °C,80 to 95%
2025-09-02 20:20:23,Z4-Pharma,2.34,49.79,2 to 8 °C,50 to 60%
2025-09-02 20:20:33,Z1-Freezer,-23.27,65.68,-22 to -18 °C,50 to 70%
2025-09-02 20:20:33,Z2-Chiller,2.38,78.14,2 to 5 °C,70 to 80%
2025-09-02 20:20:33,Z3-Produce,4.88,93.38,5 to 10 °C,80 to 95%
2025-09-02 20:20:33,Z4-Pharma,2.09,51.21,2 to 8 °C,50 to 60%
2025-09-02 20:20:43,Z1-Freezer,-22.53,65.18,-22 to -18 °C,50 to 70%
2025-09-02 20:20:43,Z2-Chiller,2.63,78.76,2 to 5 °C,70 to 80%
2025-09-02 20:20:43,Z3-Produce,5.62,91.34,5 to 10 °C,80 to 95%
2025-09-02 20:20:43,Z4-Pharma,2.14,50.01,2 to 8 °C,50 to 60%
2025-09-02 20:20:53,Z1-Freezer,-22.04,64.69,-22 to -18 °C,50 to 70%
2025-09-02 20:20:53,Z2-Chiller,2.06,79.74,2 to 5 °C,70 to 80%
2025-09-02 20:20:53,Z3-Produce,5.64,89.7,5 to 10 °C,80 to 95%
2025-09-02 20:20:53,Z4-Pharma,1.77,51.37,2 to 8 °C,50 to 60%
2025-09-02 20:21:03,Z1-Freezer,-22.26,64.65,-22 to -18 °C,50 to 70%
2025-09-02 20:21:03,Z2-Chiller,2.02,78.36,2 to 5 °C,70 to 80%
2025-09-02 20:21:03,Z3-Produce,5.75,87.86,5 to 10 °C,80 to 95%
2025-09-02 20:21:03,Z4-Pharma,2.06,51.15,2 to 8 °C,50 to 60%
2025-09-02 20:21:13,Z1-Freezer,-21.88,61.49,-22 to -18 °C,50 to 70%
2025-09-02 20:21:13,Z2-Chiller,2.4,76.85,2 to 5 °C,70 to 80%
2025-09-02 20:21:13,Z3-Produce,5.58,85.2,5 to 10 °C,80 to 95%
2025-09-02 20:21:13,Z4-Pharma,1.86,51.53,2 to 8 °C,50 to 60%
2025-09-02 20:21:23,Z1-Freezer,-21.96,62.88,-22 to -18 °C,50 to 70%
2025-09-02 20:21:23,Z2-Chiller,1.92,78.12,2 to 5 °C,70 to 80%
2025-09-02 20:21:23,Z3-Produce,5.38,85.28,5 to 10 °C,80 to 95%
2025-09-02 20:21:23,Z4-Pharma,1.91,50.5,2 to 8 °C,50 to 60%
2025-09-02 20:21:33,Z1-Freezer,-22.15,64.32,-22 to -18 °C,50 to 70%
2025-09-02 20:21:33,Z2-Chiller,1.93,78.26,2 to 5 °C,70 to 80%
2025-09-02 20:21:33,Z3-Produce,5.03,88.98,5 to 10 °C,80 to 95%
2025-09-02 20:21:33,Z4-Pharma,2.6,48.86,2 to 8 °C,50 to 60%
2025-09-02 20:21:43,Z1-Freezer,-22.09,61.2,-22 to -18 °C,50 to 70%
2025-09-02 20:21:43,Z2-Chiller,2.65,77.61,2 to 5 °C,70 to 80%
2025-09-02 20:21:43,Z3-Produce,5.01,89.98,5 to 10 °C,80 to 95%
2025-09-02 20:21:43,Z4-Pharma,3.34,48.86,2 to 8 °C,50 to 60%
2025-09-02 20:21:53,Z1-Freezer,-21.55,60.74,-22 to -18 °C,50 to 70%
2025-09-02 20:21:53,Z2-Chiller,2.35,77.61,2 to 5 °C,70 to 80%
2025-09-02 20:21:53,Z3-Produce,5.43,88.43,5 to 10 °C,80 to 95%
2025-09-02 20:21:53,Z4-Pharma,3.22,50.57,2 to 8 °C,50 to 60%
2025-09-02 20:22:03,Z1-Freezer,-22.16,61.93,-22 to -18 °C,50 to 70%
2025-09-02 20:22:03,Z2-Chiller,1.93,79.44,2 to 5 °C,70 to 80%
2025-09-02 20:22:03,Z3-Produce,4.97,89.49,5 to 10 °C,80 to 95%
2025-09-02 20:22:03,Z4-Pharma,3.08,50.33,2 to 8 °C,50 to 60%
2025-09-02 20:22:13,Z1-Freezer,-22.03,61.58,-22 to -18 °C,50 to 70%
2025-09-02 20:22:13,Z2-Chiller,2.26,75.78,2 to 5 °C,70 to 80%
2025-09-02 20:22:13,Z3-Produce,5.71,87.15,5 to 10 °C,80 to 95%
2025-09-02 20:22:13,Z4-Pharma,3.16,50.41,2 to 8 °C,50 to 60%
2025-09-02 20:22:23,Z1-Freezer,-22.24,62.62,-22 to -18 °C,50 to 70%
2025-09-02 20:22:23,Z2-Chiller,2.67,75.15,2 to 5 °C,70 to 80%
2025-09-02 20:22:23,Z3-Produce,5.59,89.15,5 to 10 °C,80 to 95%
2025-09-02 20:22:23,Z4-Pharma,2.54,54.65,2 to 8 °C,50 to 60%
2025-09-02 20:22:33,Z1-Freezer,-21.58,58.3,-22 to -18 °C,50 to 70%
2025-09-02 20:22:33,Z2-Chiller,2.38,72.73,2 to 5 °C,70 to 80%
2025-09-02 20:22:33,Z3-Produce,5.35,87.67,5 to 10 °C,80 to 95%
2025-09-02 20:22:33,Z4-Pharma,2.31,54.73,2 to 8 °C,50 to 60%
2025-09-02 20:22:43,Z1-Freezer,-21.99,58.02,-22 to -18 °C,50 to 70%
2025-09-02 20:22:43,Z2-Chiller,2.27,72.53,2 to 5 °C,70 to 80%
2025-09-02 20:22:43,Z3-Produce,5.0,89.48,5 to 10 °C,80 to 95%
2025-09-02 20:22:43,Z4-Pharma,2.22,55.76,2 to 8 °C,50 to 60%
2025-09-02 20:22:53,Z1-Freezer,-21.25,56.11,-22 to -18 °C,50 to 70%
2025-09-02 20:22:53,Z2-Chiller,2.19,69.69,2 to 5 °C,70 to 80%
2025-09-02 20:22:53,Z3-Produce,5.49,88.9,5 to 10 °C,80 to 95%
2025-09-02 20:22:53,Z4-Pharma,2.06,55.71,2 to 8 °C,50 to 60%
2025-09-02 20:23:03,Z1-Freezer,-22.51,57.92,-22 to -18 °C,50 to 70%
2025-09-02 20:23:03,Z2-Chiller,2.42,70.44,2 to 5 °C,70 to 80%
2025-09-02 20:23:03,Z3-Produce,4.23,92.27,5 to 10 °C,80 to 95%
2025-09-02 20:23:03,Z4-Pharma,2.25,56.95,2 to 8 °C,50 to 60%
2025-09-02 20:23:13,Z1-Freezer,-22.15,59.03,-22 to -18 °C,50 to 70%
2025-09-02 20:23:13,Z2-Chiller,2.52,70.34,2 to 5 °C,70 to 80%
2025-09-02 20:23:13,Z3-Produce,4.97,91.06,5 to 10 °C,80 to 95%
2025-09-02 20:23:13,Z4-Pharma,2.52,56.13,2 to 8 °C,50 to 60%
2025-09-02 20:23:23,Z1-Freezer,-21.41,57.21,-22 to -18 °C,50 to 70%
2025-09-02 20:23:23,Z2-Chiller,1.99,71.27,2 to 5 °C,70 to 80%
2025-09-02 20:23:23,Z3-Produce,5.34,90.22,5 to 10 °C,80 to 95%
2025-09-02 20:23:23,Z4-Pharma,2.35,57.75,2 to 8 °C,50 to 60%
2025-09-02 20:23:33,Z1-Freezer,-21.55,57.56,-22 to -18 °C,50 to 70%
2025-09-02 20:23:33,Z2-Chiller,2.15,70.33,2 to 5 °C,70 to 80%
2025-09-02 20:23:33,Z3-Produce,5.31,89.59,5 to 10 °C,80 to 95%
2025-09-02 20:23:33,Z4-Pharma,2.13,58.26,2 to 8 °C,50 to 60%
2025-09-02 20:23:43,Z1-Freezer,-20.81,55.76,-22 to -18 °C,50 to 70%
2025-09-02 20:23:43,Z2-Chiller,2.0,70.65,2 to 5 °C,70 to 80%
2025-09-02 20:23:43,Z3-Produce,5.72,88.95,5 to 10 °C,80 to 95%
2025-09-02 20:23:43,Z4-Pharma,1.95,57.57,2 to 8 °C,50 to 60%
2025-09-02 20:23:53,Z1-Freezer,-21.31,55.53,-22 to -18 °C,50 to 70%
2025-09-02 20:23:53,Z2-Chiller,2.21,70.49,2 to 5 °C,70 to 80%
2025-09-02 20:23:53,Z3-Produce,5.67,92.05,5 to 10 °C,80 to 95%
2025-09-02 20:23:53,Z4-Pharma,1.86,58.24,2 to 8 °C,50 to 60%
2025-09-02 20:24:03,Z1-Freezer,-21.74,57.85,-22 to -18 °C,50 to 70%
2025-09-02 20:24:03,Z2-Chiller,1.79,71.57,2 to 5 °C,70 to 80%
2025-09-02 20:24:03,Z3-Produce,5.57,91.71,5 to 10 °C,80 to 95%
2025-09-02 20:24:03,Z4-Pharma,2.1,56.35,2 to 8 °C,50 to 60%
2025-09-02 20:24:13,Z1-Freezer,-21.86,61.09,-22 to -18 °C,50 to 70%
2025-09-02 20:24:13,Z2-Chiller,1.75,70.13,2 to 5 °C,70 to 80%
2025-09-02 20:24:13,Z3-Produce,5.6,91.81,5 to 10 °C,80 to 95%
2025-09-02 20:24:13,Z4-Pharma,2.31,56.88,2 to 8 °C,50 to 60%
2025-09-02 20:24:23,Z1-Freezer,-21.66,60.49,-22 to -18 °C,50 to 70%
2025-09-02 20:24:23,Z2-Chiller,2.49,68.66,2 to 5 °C,70 to 80%
2025-09-02 20:24:23,Z3-Produce,5.35,92.97,5 to 10 °C,80 to 95%
2025-09-02 20:24:23,Z4-Pharma,2.19,57.02,2 to 8 °C,50 to 60%
2025-09-02 20:24:33,Z1-Freezer,-21.72,62.32,-22 to -18 °C,50 to 70%
2025-09-02 20:24:33,Z2-Chiller,2.48,71.68,2 to 5 °C,70 to 80%
2025-09-02 20:24:33,Z3-Produce,5.25,92.06,5 to 10 °C,80 to 95%
2025-09-02 20:24:33,Z4-Pharma,1.94,57.39,2 to 8 °C,50 to 60%
2025-09-02 20:24:43,Z1-Freezer,-21.67,63.33,-22 to -18 °C,50 to 70%
2025-09-02 20:24:43,Z2-Chiller,3.0,70.32,2 to 5 °C,70 to 80%
2025-09-02 20:24:43,Z3-Produce,5.3,91.23,5 to 10 °C,80 to 95%
2025-09-02 20:24:43,Z4-Pharma,1.95,57.33,2 to 8 °C,50 to 60%
2025-09-02 20:24:54,Z1-Freezer,-21.94,63.3,-22 to -18 °C,50 to 70%
2025-09-02 20:24:54,Z2-Chiller,2.54,72.76,2 to 5 °C,70 to 80%
2025-09-02 20:24:54,Z3-Produce,5.48,91.72,5 to 10 °C,80 to 95%
2025-09-02 20:24:54,Z4-Pharma,1.75,57.74,2 to 8 °C,50 to 60%
2025-09-02 20:25:04,Z1-Freezer,-22.06,64.88,-22 to -18 °C,50 to 70%
2025-09-02 20:25:04,Z2-Chiller,2.22,72.69,2 to 5 °C,70 to 80%
2025-09-02 20:25:04,Z3-Produce,5.36,91.37,5 to 10 °C,80 to 95%
2025-09-02 20:25:04,Z4-Pharma,2.25,57.55,2 to 8 °C,50 to 60%
2025-09-02 20:25:14,Z1-Freezer,-21.38,63.61,-22 to -18 °C,50 to 70%
2025-09-02 20:25:14,Z2-Chiller,0.96,76.77,2 to 5 °C,70 to 80%
2025-09-02 20:25:14,Z3-Produce,5.18,90.96,5 to 10 °C,80 to 95%
2025-09-02 20:25:14,Z4-Pharma,2.44,57.78,2 to 8 °C,50 to 60%
2025-09-02 20:25:24,Z1-Freezer,-21.67,63.71,-22 to -18 °C,50 to 70%
2025-09-02 20:25:24,Z2-Chiller,0.9,77.16,2 to 5 °C,70 to 80%
2025-09-02 20:25:24,Z3-Produce,4.77,90.5,5 to 10 °C,80 to 95%
2025-09-02 20:25:24,Z4-Pharma,2.38,58.52,2 to 8 °C,50 to 60%
2025-09-02 20:25:34,Z1-Freezer,-21.96,63.19,-22 to -18 °C,50 to 70%
2025-09-02 20:25:34,Z2-Chiller,1.64,76.29,2 to 5 °C,70 to 80%
2025-09-02 20:25:34,Z3-Produce,5.03,91.06,5 to 10 °C,80 to 95%
2025-09-02 20:25:34,Z4-Pharma,2.04,58.24,2 to 8 °C,50 to 60%
2025-09-02 20:25:44,Z1-Freezer,-22.05,60.37,-22 to -18 °C,50 to 70%
2025-09-02 20:25:44,Z2-Chiller,2.19,74.98,2 to 5 °C,70 to 80%
2025-09-02 20:25:44,Z3-Produce,3.77,94.8,5 to 10 °C,80 to 95%
2025-09-02 20:25:44,Z4-Pharma,1.91,57.63,2 to 8 °C,50 to 60%
2025-09-02 20:25:54,Z1-Freezer,-21.97,63.21,-22 to -18 °C,50 to 70%
2025-09-02 20:25:54,Z2-Chiller,2.02,75.49,2 to 5 °C,70 to 80%
2025-09-02 20:25:54,Z3-Produce,4.51,92.97,5 to 10 °C,80 to 95%
2025-09-02 20:25:54,Z4-Pharma,1.97,57.39,2 to 8 °C,50 to 60%
2025-09-02 20:26:04,Z1-Freezer,-21.23,61.82,-22 to -18 °C,50 to 70%
2025-09-02 20:26:04,Z2-Chiller,2.71,74.83,2 to 5 °C,70 to 80%
2025-09-02 20:26:04,Z3-Produce,4.84,92.88,5 to 10 °C,80 to 95%
2025-09-02 20:26:04,Z4-Pharma,2.09,57.18,2 to 8 °C,50 to 60%
2025-09-02 20:26:14,Z1-Freezer,-21.27,61.13,-22 to -18 °C,50 to 70%
2025-09-02 20:26:14,Z2-Chiller,2.69,75.05,2 to 5 °C,70 to 80%
2025-09-02 20:26:14,Z3-Produce,5.16,92.39,5 to 10 °C,80 to 95%
2025-09-02 20:26:14,Z4-Pharma,1.96,56.93,2 to 8 °C,50 to 60%
2025-09-02 20:26:24,Z1-Freezer,-21.24,61.14,-22 to -18 °C,50 to 70%
2025-09-02 20:26:24,Z2-Chiller,2.33,72.77,2 to 5 °C,70 to 80%
2025-09-02 20:26:24,Z3-Produce,5.19,91.82,5 to 10 °C,80 to 95%
2025-09-02 20:26:24,Z4-Pharma,1.78,57.05,2 to 8 °C,50 to 60%
2025-09-02 20:26:34,Z1-Freezer,-21.5,62.58,-22 to -18 °C,50 to 70%
2025-09-02 20:26:34,Z2-Chiller,2.44,73.56,2 to 5 °C,70 to 80%
2025-09-02 20:26:34,Z3-Produce,4.97,91.67,5 to 10 °C,80 to 95%
2025-09-02 20:26:34,Z4-Pharma,1.97,57.85,2 to 8 °C,50 to 60%
2025-09-02 20:26:44,Z1-Freezer,-21.99,63.49,-22 to -18 °C,50 to 70%
2025-09-02 20:26:44,Z2-Chiller,2.23,74.31,2 to 5 °C,70 to 80%
2025-09-02 20:26:44,Z3-Produce,5.14,88.33,5 to 10 °C,80 to 95%
2025-09-02 20:26:44,Z4-Pharma,2.12,57.39,2 to 8 °C,50 to 60%
2025-09-02 20:26:54,Z1-Freezer,-21.96,63.69,-22 to -18 °C,50 to 70%
2025-09-02 20:26:54,Z2-Chiller,2.21,75.72,2 to 5 °C,70 to 80%
2025-09-02 20:26:54,Z3-Produce,4.77,88.73,5 to 10 °C,80 to 95%
2025-09-02 20:26:54,Z4-Pharma,1.96,60.71,2 to 8 °C,50 to 60%
2025-09-02 20:27:04,Z1-Freezer,-21.65,63.73,-22 to -18 °C,50 to 70%
2025-09-02 20:27:04,Z2-Chiller,2.42,75.83,2 to 5 °C,70 to 80%
2025-09-02 20:27:04,Z3-Produce,5.41,88.21,5 to 10 °C,80 to 95%
2025-09-02 20:27:04,Z4-Pharma,2.46,58.19,2 to 8 °C,50 to 60%
2025-09-02 20:27:14,Z1-Freezer,-21.21,65.85,-22 to -18 °C,50 to 70%
2025-09-02 20:27:14,Z2-Chiller,2.19,74.58,2 to 5 °C,70 to 80%
2025-09-02 20:27:14,Z3-Produce,4.95,86.13,5 to 10 °C,80 to 95%
2025-09-02 20:27:14,Z4-Pharma,2.39,57.02,2 to 8 °C,50 to 60%
2025-09-02 20:27:24,Z1-Freezer,-21.09,66.2,-22 to -18 °C,50 to 70%
2025-09-02 20:27:24,Z2-Chiller,2.08,74.65,2 to 5 °C,70 to 80%
2025-09-02 20:27:24,Z3-Produce,5.62,84.85,5 to 10 °C,80 to 95%
2025-09-02 20:27:24,Z4-Pharma,2.11,55.32,2 to 8 °C,50 to 60%
2025-09-02 20:27:34,Z1-Freezer,-22.35,69.15,-22 to -18 °C,50 to 70%
2025-09-02 20:27:34,Z2-Chiller,1.92,75.19,2 to 5 °C,70 to 80%
2025-09-02 20:27:34,Z3-Produce,5.25,84.81,5 to 10 °C,80 to 95%
2025-09-02 20:27:34,Z4-Pharma,2.22,54.4,2 to 8 °C,50 to 60%
2025-09-02 20:27:44,Z1-Freezer,-21.61,69.14,-22 to -18 °C,50 to 70%
2025-09-02 20:27:44,Z2-Chiller,1.86,76.47,2 to 5 °C,70 to 80%
2025-09-02 20:27:44,Z3-Produce,5.3,85.44,5 to 10 °C,80 to 95%
2025-09-02 20:27:44,Z4-Pharma,2.24,53.68,2 to 8 °C,50 to 60%
2025-09-02 20:27:54,Z1-Freezer,-22.87,71.04,-22 to -18 °C,50 to 70%
2025-09-02 20:27:54,Z2-Chiller,2.13,75.34,2 to 5 °C,70 to 80%
2025-09-02 20:27:54,Z3-Produce,5.45,86.41,5 to 10 °C,80 to 95%
2025-09-02 20:27:54,Z4-Pharma,1.78,55.44,2 to 8 °C,50 to 60%
2025-09-02 20:28:04,Z1-Freezer,-22.13,67.9,-22 to -18 °C,50 to 70%
2025-09-02 20:28:04,Z2-Chiller,1.87,76.16,2 to 5 °C,70 to 80%
2025-09-02 20:28:04,Z3-Produce,5.15,85.03,5 to 10 °C,80 to 95%
2025-09-02 20:28:04,Z4-Pharma,2.52,53.71,2 to 8 °C,50 to 60%
2025-09-02 20:28:14,Z1-Freezer,-21.39,67.0,-22 to -18 °C,50 to 70%
2025-09-02 20:28:14,Z2-Chiller,1.99,74.31,2 to 5 °C,70 to 80%
2025-09-02 20:28:14,Z3-Produce,5.1,83.55,5 to 10 °C,80 to 95%
2025-09-02 20:28:14,Z4-Pharma,2.0,53.93,2 to 8 °C,50 to 60%
2025-09-02 20:28:24,Z1-Freezer,-21.74,69.92,-22 to -18 °C,50 to 70%
2025-09-02 20:28:24,Z2-Chiller,0.73,77.3,2 to 5 °C,70 to 80%
2025-09-02 20:28:24,Z3-Produce,4.88,83.86,5 to 10 °C,80 to 95%
2025-09-02 20:28:24,Z4-Pharma,2.23,53.27,2 to 8 °C,50 to 60%
2025-09-02 20:28:34,Z1-Freezer,-21.44,69.02,-22 to -18 °C,50 to 70%
2025-09-02 20:28:34,Z2-Chiller,1.47,75.71,2 to 5 °C,70 to 80%
2025-09-02 20:28:34,Z3-Produce,4.93,83.95,5 to 10 °C,80 to 95%
2025-09-02 20:28:34,Z4-Pharma,2.05,54.68,2 to 8 °C,50 to 60%
2025-09-02 20:28:44,Z1-Freezer,-21.34,68.43,-22 to -18 °C,50 to 70%
2025-09-02 20:28:44,Z2-Chiller,2.21,72.75,2 to 5 °C,70 to 80%
2025-09-02 20:28:44,Z3-Produce,5.42,84.84,5 to 10 °C,80 to 95%
2025-09-02 20:28:44,Z4-Pharma,1.85,57.16,2 to 8 °C,50 to 60%
2025-09-02 20:28:54,Z1-Freezer,-21.16,69.02,-22 to -18 °C,50 to 70%
2025-09-02 20:28:54,Z2-Chiller,2.59,72.57,2 to 5 °C,70 to 80%
2025-09-02 20:28:54,Z3-Produce,4.89,85.57,5 to 10 °C,80 to 95%
2025-09-02 20:28:54,Z4-Pharma,2.54,57.25,2 to 8 °C,50 to 60%
2025-09-02 20:29:04,Z1-Freezer,-21.8,70.02,-22 to -18 °C,50 to 70%
2025-09-02 20:29:04,Z2-Chiller,2.72,71.3,2 to 5 °C,70 to 80%
2025-09-02 20:29:04,Z3-Produce,4.79,85.85,5 to 10 °C,80 to 95%
2025-09-02 20:29:04,Z4-Pharma,2.38,56.65,2 to 8 °C,50 to 60%
2025-09-02 20:29:14,Z1-Freezer,-22.25,70.41,-22 to -18 °C,50 to 70%
2025-09-02 20:29:14,Z2-Chiller,2.47,70.65,2 to 5 °C,70 to 80%
2025-09-02 20:29:14,Z3-Produce,5.48,84.61,5 to 10 °C,80 to 95%
2025-09-02 20:29:14,Z4-Pharma,2.08,56.24,2 to 8 °C,50 to 60%
2025-09-02 20:29:24,Z1-Freezer,-22.19,67.29,-22 to -18 °C,50 to 70%
2025-09-02 20:29:24,Z2-Chiller,2.26,72.31,2 to 5 °C,70 to 80%
2025-09-02 20:29:24,Z3-Produce,5.73,81.11,5 to 10 °C,80 to 95%
2025-09-02 20:29:24,Z4-Pharma,1.94,58.27,2 to 8 °C,50 to 60%
2025-09-02 20:29:34,Z1-Freezer,-21.46,65.62,-22 to -18 °C,50 to 70%
2025-09-02 20:29:34,Z2-Chiller,2.51,71.46,2 to 5 °C,70 to 80%
2025-09-02 20:29:34,Z3-Produce,5.35,81.84,5 to 10 °C,80 to 95%
2025-09-02 20:29:34,Z4-Pharma,1.83,60.91,2 to 8 °C,50 to 60%
2025-09-02 20:29:44,Z1-Freezer,-22.0,67.87,-22 to -18 °C,50 to 70%
2025-09-02 20:29:44,Z2-Chiller,2.43,70.25,2 to 5 °C,70 to 80%
2025-09-02 20:29:44,Z3-Produce,5.13,81.69,5 to 10 °C,80 to 95%
2025-09-02 20:29:44,Z4-Pharma,1.95,59.29,2 to 8 °C,50 to 60%
2025-09-02 20:29:54,Z1-Freezer,-21.35,66.64,-22 to -18 °C,50 to 70%
2025-09-02 20:29:54,Z2-Chiller,2.28,71.06,2 to 5 °C,70 to 80%
2025-09-02 20:29:54,Z3-Produce,4.95,84.41,5 to 10 °C,80 to 95%
2025-09-02 20:29:54,Z4-Pharma,1.78,59.84,2 to 8 °C,50 to 60%
2025-09-02 20:30:04,Z1-Freezer,-22.61,66.16,-22 to -18 °C,50 to 70%
2025-09-02 20:30:04,Z2-Chiller,2.2,71.56,2 to 5 °C,70 to 80%
2025-09-02 20:30:04,Z3-Produce,4.78,85.54,5 to 10 °C,80 to 95%
2025-09-02 20:30:04,Z4-Pharma,2.36,58.13,2 to 8 °C,50 to 60%
2025-09-02 20:30:14,Z1-Freezer,-21.87,63.26,-22 to -18 °C,50 to 70%
2025-09-02 20:30:14,Z2-Chiller,1.87,72.06,2 to 5 °C,70 to 80%
2025-09-02 20:30:14,Z3-Produce,5.52,87.06,5 to 10 °C,80 to 95%
2025-09-02 20:30:14,Z4-Pharma,2.17,56.32,2 to 8 °C,50 to 60%
2025-09-02 20:30:24,Z1-Freezer,-21.13,59.39,-22 to -18 °C,50 to 70%
2025-09-02 20:30:24,Z2-Chiller,1.87,73.98,2 to 5 °C,70 to 80%
2025-09-02 20:30:24,Z3-Produce,5.55,85.94,5 to 10 °C,80 to 95%
2025-09-02 20:30:24,Z4-Pharma,2.28,57.59,2 to 8 °C,50 to 60%
2025-09-02 20:30:34,Z1-Freezer,-21.64,59.41,-22 to -18 °C,50 to 70%
2025-09-02 20:30:34,Z2-Chiller,2.04,74.04,2 to 5 °C,70 to 80%
2025-09-02 20:30:34,Z3-Produce,5.27,83.5,5 to 10 °C,80 to 95%
2025-09-02 20:30:34,Z4-Pharma,2.43,57.51,2 to 8 °C,50 to 60%
2025-09-02 20:30:44,Z1-Freezer,-21.94,59.18,-22 to -18 °C,50 to 70%
2025-09-02 20:30:44,Z2-Chiller,2.0,74.03,2 to 5 °C,70 to 80%
2025-09-02 20:30:44,Z3-Produce,4.8,85.86,5 to 10 °C,80 to 95%
2025-09-02 20:30:44,Z4-Pharma,2.12,56.79,2 to 8 °C,50 to 60%
2025-09-02 20:30:54,Z1-Freezer,-21.2,57.16,-22 to -18 °C,50 to 70%
2025-09-02 20:30:54,Z2-Chiller,1.79,74.01,2 to 5 °C,70 to 80%
2025-09-02 20:30:54,Z3-Produce,4.03,87.15,5 to 10 °C,80 to 95%
2025-09-02 20:30:54,Z4-Pharma,1.78,57.32,2 to 8 °C,50 to 60%
2025-09-02 20:31:04,Z1-Freezer,-20.58,55.3,-22 to -18 °C,50 to 70%
2025-09-02 20:31:04,Z2-Chiller,2.07,74.28,2 to 5 °C,70 to 80%
2025-09-02 20:31:04,Z3-Produce,4.77,82.67,5 to 10 °C,80 to 95%
2025-09-02 20:31:04,Z4-Pharma,0.52,59.65,2 to 8 °C,50 to 60%
2025-09-02 20:31:14,Z1-Freezer,-21.2,56.62,-22 to -18 °C,50 to 70%
2025-09-02 20:31:14,Z2-Chiller,2.11,74.05,2 to 5 °C,70 to 80%
2025-09-02 20:31:14,Z3-Produce,5.39,82.58,5 to 10 °C,80 to 95%
2025-09-02 20:31:14,Z4-Pharma,1.26,55.17,2 to 8 °C,50 to 60%
2025-09-02 20:31:24,Z1-Freezer,-21.08,56.52,-22 to -18 °C,50 to 70%
2025-09-02 20:31:24,Z2-Chiller,1.87,74.93,2 to 5 °C,70 to 80%
2025-09-02 20:31:24,Z3-Produce,5.0,83.37,5 to 10 °C,80 to 95%
2025-09-02 20:31:24,Z4-Pharma,2.0,54.13,2 to 8 °C,50 to 60%
2025-09-02 20:31:34,Z1-Freezer,-22.34,60.41,-22 to -18 °C,50 to 70%
2025-09-02 20:31:34,Z2-Chiller,2.31,74.05,2 to 5 °C,70 to 80%
2025-09-02 20:31:34,Z3-Produce,5.38,81.49,5 to 10 °C,80 to 95%
2025-09-02 20:31:34,Z4-Pharma,1.91,54.58,2 to 8 °C,50 to 60%
2025-09-02 20:31:44,Z1-Freezer,-21.79,59.25,-22 to -18 °C,50 to 70%
2025-09-02 20:31:44,Z2-Chiller,1.75,78.17,2 to 5 °C,70 to 80%
2025-09-02 20:31:44,Z3-Produce,5.17,81.22,5 to 10 °C,80 to 95%
2025-09-02 20:31:44,Z4-Pharma,2.03,53.92,2 to 8 °C,50 to 60%
2025-09-02 20:31:54,Z1-Freezer,-21.7,59.44,-22 to -18 °C,50 to 70%
2025-09-02 20:31:54,Z2-Chiller,2.49,75.88,2 to 5 °C,70 to 80%
2025-09-02 20:31:54,Z3-Produce,5.04,81.22,5 to 10 °C,80 to 95%
2025-09-02 20:31:54,Z4-Pharma,2.77,53.63,2 to 8 °C,50 to 60%
2025-09-02 20:32:04,Z1-Freezer,-21.9,58.91,-22 to -18 °C,50 to 70%
2025-09-02 20:32:04,Z2-Chiller,2.05,76.75,2 to 5 °C,70 to 80%
2025-09-02 20:32:04,Z3-Produce,5.39,80.12,5 to 10 °C,80 to 95%
2025-09-02 20:32:04,Z4-Pharma,2.4,53.85,2 to 8 °C,50 to 60%
2025-09-02 20:32:14,Z1-Freezer,-21.74,58.09,-22 to -18 °C,50 to 70%
2025-09-02 20:32:14,Z2-Chiller,2.47,74.94,2 to 5 °C,70 to 80%
2025-09-02 20:32:14,Z3-Produce,4.76,82.74,5 to 10 °C,80 to 95%
2025-09-02 20:32:14,Z4-Pharma,2.26,53.35,2 to 8 °C,50 to 60%
2025-09-02 20:32:24,Z1-Freezer,-21.66,58.26,-22 to -18 °C,50 to 70%
2025-09-02 20:32:24,Z2-Chiller,1.21,78.08,2 to 5 °C,70 to 80%
2025-09-02 20:32:24,Z3-Produce,4.99,80.26,5 to 10 °C,80 to 95%
2025-09-02 20:32:24,Z4-Pharma,2.19,54.91,2 to 8 °C,50 to 60%
2025-09-02 20:32:34,Z1-Freezer,-21.81,58.68,-22 to -18 °C,50 to 70%
2025-09-02 20:32:34,Z2-Chiller,1.95,75.6,2 to 5 °C,70 to 80%
2025-09-02 20:32:34,Z3-Produce,5.45,80.78,5 to 10 °C,80 to 95%
2025-09-02 20:32:34,Z4-Pharma,2.34,53.4,2 to 8 °C,50 to 60%
2025-09-02 20:32:44,Z1-Freezer,-21.47,58.36,-22 to -18 °C,50 to 70%
2025-09-02 20:32:44,Z2-Chiller,2.36,76.08,2 to 5 °C,70 to 80%
2025-09-02 20:32:44,Z3-Produce,5.36,81.78,5 to 10 °C,80 to 95%
2025-09-02 20:32:44,Z4-Pharma,2.26,53.75,2 to 8 °C,50 to 60%
2025-09-02 20:32:54,Z1-Freezer,-21.74,58.29,-22 to -18 °C,50 to 70%
2025-09-02 20:32:54,Z2-Chiller,2.38,76.97,2 to 5 °C,70 to 80%
2025-09-02 20:32:54,Z3-Produce,5.34,80.88,5 to 10 °C,80 to 95%
2025-09-02 20:32:54,Z4-Pharma,2.2,56.87,2 to 8 °C,50 to 60%
2025-09-02 20:33:04,Z1-Freezer,-22.15,57.33,-22 to -18 °C,50 to 70%
2025-09-02 20:33:04,Z2-Chiller,2.01,74.71,2 to 5 °C,70 to 80%
2025-09-02 20:33:04,Z3-Produce,4.86,81.19,5 to 10 °C,80 to 95%
2025-09-02 20:33:04,Z4-Pharma,1.89,54.49,2 to 8 °C,50 to 60%
2025-09-02 20:33:14,Z1-Freezer,-21.41,52.85,-22 to -18 °C,50 to 70%
2025-09-02 20:33:14,Z2-Chiller,2.06,74.14,2 to 5 °C,70 to 80%
2025-09-02 20:33:14,Z3-Produce,5.24,80.66,5 to 10 °C,80 to 95%
2025-09-02 20:33:14,Z4-Pharma,2.27,53.47,2 to 8 °C,50 to 60%
2025-09-02 20:33:24,Z1-Freezer,-21.93,54.84,-22 to -18 °C,50 to 70%
2025-09-02 20:33:24,Z2-Chiller,2.32,73.9,2 to 5 °C,70 to 80%
2025-09-02 20:33:24,Z3-Produce,4.91,81.76,5 to 10 °C,80 to 95%
2025-09-02 20:33:24,Z4-Pharma,2.06,53.49,2 to 8 °C,50 to 60%
2025-09-02 20:33:34,Z1-Freezer,-21.75,53.93,-22 to -18 °C,50 to 70%
2025-09-02 20:33:34,Z2-Chiller,2.19,74.29,2 to 5 °C,70 to 80%
2025-09-02 20:33:34,Z3-Produce,4.8,80.98,5 to 10 °C,80 to 95%
2025-09-02 20:33:34,Z4-Pharma,1.74,52.41,2 to 8 °C,50 to 60%
2025-09-02 20:33:44,Z1-Freezer,-22.25,53.8,-22 to -18 °C,50 to 70%
2025-09-02 20:33:44,Z2-Chiller,2.54,72.94,2 to 5 °C,70 to 80%
2025-09-02 20:33:44,Z3-Produce,5.43,80.7,5 to 10 °C,80 to 95%
2025-09-02 20:33:44,Z4-Pharma,2.16,50.69,2 to 8 °C,50 to 60%
2025-09-02 20:33:54,Z1-Freezer,-22.2,53.62,-22 to -18 °C,50 to 70%
2025-09-02 20:33:54,Z2-Chiller,1.95,73.97,2 to 5 °C,70 to 80%
2025-09-02 20:33:54,Z3-Produce,4.17,84.42,5 to 10 °C,80 to 95%
2025-09-02 20:33:54,Z4-Pharma,2.16,50.35,2 to 8 °C,50 to 60%
2025-09-02 20:34:04,Z1-Freezer,-22.08,54.27,-22 to -18 °C,50 to 70%
2025-09-02 20:34:04,Z2-Chiller,1.82,73.6,2 to 5 °C,70 to 80%
2025-09-02 20:34:04,Z3-Produce,4.91,82.69,5 to 10 °C,80 to 95%
2025-09-02 20:34:04,Z4-Pharma,2.08,50.95,2 to 8 °C,50 to 60%
2025-09-02 20:34:14,Z1-Freezer,-21.34,52.57,-22 to -18 °C,50 to 70%
2025-09-02 20:34:14,Z2-Chiller,2.56,72.15,2 to 5 °C,70 to 80%
2025-09-02 20:34:14,Z3-Produce,4.83,83.23,5 to 10 °C,80 to 95%
2025-09-02 20:34:14,Z4-Pharma,1.75,54.61,2 to 8 °C,50 to 60%
2025-09-02 20:34:24,Z1-Freezer,-21.39,53.28,-22 to -18 °C,50 to 70%
2025-09-02 20:34:24,Z2-Chiller,2.59,69.09,2 to 5 °C,70 to 80%
2025-09-02 20:34:24,Z3-Produce,5.1,82.15,5 to 10 °C,80 to 95%
2025-09-02 20:34:24,Z4-Pharma,2.28,52.53,2 to 8 °C,50 to 60%
2025-09-02 20:34:34,Z1-Freezer,-21.83,54.31,-22 to -18 °C,50 to 70%
2025-09-02 20:34:34,Z2-Chiller,2.43,70.89,2 to 5 °C,70 to 80%
2025-09-02 20:34:34,Z3-Produce,4.95,83.22,5 to 10 °C,80 to 95%
2025-09-02 20:34:34,Z4-Pharma,1.84,50.41,2 to 8 °C,50 to 60%
2025-09-02 20:34:44,Z1-Freezer,-22.08,55.2,-22 to -18 °C,50 to 70%
2025-09-02 20:34:44,Z2-Chiller,2.28,74.19,2 to 5 °C,70 to 80%
2025-09-02 20:34:44,Z3-Produce,4.95,81.29,5 to 10 °C,80 to 95%
2025-09-02 20:34:44,Z4-Pharma,1.95,50.27,2 to 8 °C,50 to 60%
2025-09-02 20:34:54,Z1-Freezer,-22.12,53.0,-22 to -18 °C,50 to 70%
2025-09-02 20:34:54,Z2-Chiller,2.19,74.26,2 to 5 °C,70 to 80%
2025-09-02 20:34:54,Z3-Produce,5.69,80.69,5 to 10 °C,80 to 95%
2025-09-02 20:34:54,Z4-Pharma,2.69,48.8,2 to 8 °C,50 to 60%
2025-09-02 20:35:04,Z1-Freezer,-22.2,52.25,-22 to -18 °C,50 to 70%
2025-09-02 20:35:04,Z2-Chiller,1.87,75.43,2 to 5 °C,70 to 80%
2025-09-02 20:35:04,Z3-Produce,6.43,78.73,5 to 10 °C,80 to 95%
2025-09-02 20:35:04,Z4-Pharma,2.28,51.77,2 to 8 °C,50 to 60%
2025-09-02 20:35:15,Z1-Freezer,-22.09,51.36,-22 to -18 °C,50 to 70%
2025-09-02 20:35:15,Z2-Chiller,2.04,78.09,2 to 5 °C,70 to 80%
2025-09-02 20:35:15,Z3-Produce,6.5,80.62,5 to 10 °C,80 to 95%
2025-09-02 20:35:15,Z4-Pharma,2.4,52.01,2 to 8 °C,50 to 60%
2025-09-02 20:35:25,Z1-Freezer,-22.08,52.52,-22 to -18 °C,50 to 70%
2025-09-02 20:35:25,Z2-Chiller,2.78,73.61,2 to 5 °C,70 to 80%
2025-09-02 20:35:25,Z3-Produce,6.52,80.61,5 to 10 °C,80 to 95%
2025-09-02 20:35:25,Z4-Pharma,1.87,56.07,2 to 8 °C,50 to 60%
2025-09-02 20:35:35,Z1-Freezer,-21.51,50.85,-22 to -18 °C,50 to 70%
2025-09-02 20:35:35,Z2-Chiller,2.51,74.64,2 to 5 °C,70 to 80%
2025-09-02 20:35:35,Z3-Produce,6.9,79.51,5 to 10 °C,80 to 95%
2025-09-02 20:35:35,Z4-Pharma,2.0,56.76,2 to 8 °C,50 to 60%
2025-09-02 20:35:45,Z1-Freezer,-22.2,52.55,-22 to -18 °C,50 to 70%
2025-09-02 20:35:45,Z2-Chiller,1.77,74.71,2 to 5 °C,70 to 80%
2025-09-02 20:35:45,Z3-Produce,7.21,79.46,5 to 10 °C,80 to 95%
2025-09-02 20:35:45,Z4-Pharma,1.84,57.8,2 to 8 °C,50 to 60%
2025-09-02 20:35:55,Z1-Freezer,-22.06,51.84,-22 to -18 °C,50 to 70%
2025-09-02 20:35:55,Z2-Chiller,2.02,74.66,2 to 5 °C,70 to 80%
2025-09-02 20:35:55,Z3-Produce,7.32,80.7,5 to 10 °C,80 to 95%
2025-09-02 20:35:55,Z4-Pharma,1.95,54.58,2 to 8 °C,50 to 60%
2025-09-02 20:36:05,Z1-Freezer,-21.81,51.03,-22 to -18 °C,50 to 70%
2025-09-02 20:36:05,Z2-Chiller,2.03,76.47,2 to 5 °C,70 to 80%
2025-09-02 20:36:05,Z3-Produce,6.86,84.62,5 to 10 °C,80 to 95%
2025-09-02 20:36:05,Z4-Pharma,2.03,55.84,2 to 8 °C,50 to 60%
2025-09-02 20:36:15,Z1-Freezer,-22.2,52.53,-22 to -18 °C,50 to 70%
2025-09-02 20:36:15,Z2-Chiller,2.2,76.29,2 to 5 °C,70 to 80%
2025-09-02 20:36:15,Z3-Produce,6.49,83.93,5 to 10 °C,80 to 95%
2025-09-02 20:36:15,Z4-Pharma,2.72,54.97,2 to 8 °C,50 to 60%
2025-09-02 20:36:25,Z1-Freezer,-21.46,52.52,-22 to -18 °C,50 to 70%
2025-09-02 20:36:25,Z2-Chiller,1.96,77.81,2 to 5 °C,70 to 80%
2025-09-02 20:36:25,Z3-Produce,6.39,85.5,5 to 10 °C,80 to 95%
2025-09-02 20:36:25,Z4-Pharma,2.25,56.47,2 to 8 °C,50 to 60%
2025-09-02 20:36:35,Z1-Freezer,-22.08,54.19,-22 to -18 °C,50 to 70%
2025-09-02 20:36:35,Z2-Chiller,2.03,78.97,2 to 5 °C,70 to 80%
2025-09-02 20:36:35,Z3-Produce,6.26,87.64,5 to 10 °C,80 to 95%
2025-09-02 20:36:35,Z4-Pharma,0.99,58.43,2 to 8 °C,50 to 60%
2025-09-02 20:36:45,Z1-Freezer,-21.94,54.25,-22 to -18 °C,50 to 70%
2025-09-02 20:36:45,Z2-Chiller,1.88,78.86,2 to 5 °C,70 to 80%
2025-09-02 20:36:45,Z3-Produce,5.0,88.65,5 to 10 °C,80 to 95%
2025-09-02 20:36:45,Z4-Pharma,1.73,55.8,2 to 8 °C,50 to 60%
2025-09-02 20:36:55,Z1-Freezer,-21.98,57.33,-22 to -18 °C,50 to 70%
2025-09-02 20:36:55,Z2-Chiller,2.62,76.23,2 to 5 °C,70 to 80%
2025-09-02 20:36:55,Z3-Produce,4.88,89.46,5 to 10 °C,80 to 95%
2025-09-02 20:36:55,Z4-Pharma,2.47,55.65,2 to 8 °C,50 to 60%
2025-09-02 20:37:05,Z1-Freezer,-21.98,57.13,-22 to -18 °C,50 to 70%
2025-09-02 20:37:05,Z2-Chiller,3.36,73.26,2 to 5 °C,70 to 80%
2025-09-02 20:37:05,Z3-Produce,5.62,88.16,5 to 10 °C,80 to 95%
2025-09-02 20:37:05,Z4-Pharma,2.25,53.09,2 to 8 °C,50 to 60%
2025-09-02 20:37:15,Z1-Freezer,-21.78,56.77,-22 to -18 °C,50 to 70%
2025-09-02 20:37:15,Z2-Chiller,3.28,70.42,2 to 5 °C,70 to 80%
2025-09-02 20:37:15,Z3-Produce,5.0,89.76,5 to 10 °C,80 to 95%
2025-09-02 20:37:15,Z4-Pharma,1.99,53.37,2 to 8 °C,50 to 60%
2025-09-02 20:37:25,Z1-Freezer,-22.12,56.64,-22 to -18 °C,50 to 70%
2025-09-02 20:37:25,Z2-Chiller,3.53,70.69,2 to 5 °C,70 to 80%
2025-09-02 20:37:25,Z3-Produce,5.07,90.53,5 to 10 °C,80 to 95%
2025-09-02 20:37:25,Z4-Pharma,1.86,53.66,2 to 8 °C,50 to 60%
2025-09-02 20:37:35,Z1-Freezer,-21.97,55.66,-22 to -18 °C,50 to 70%
2025-09-02 20:37:35,Z2-Chiller,3.25,71.45,2 to 5 °C,70 to 80%
2025-09-02 20:37:35,Z3-Produce,5.49,89.31,5 to 10 °C,80 to 95%
2025-09-02 20:37:35,Z4-Pharma,2.6,52.85,2 to 8 °C,50 to 60%
2025-09-02 20:37:45,Z1-Freezer,-22.02,56.18,-22 to -18 °C,50 to 70%
2025-09-02 20:37:45,Z2-Chiller,3.99,69.43,2 to 5 °C,70 to 80%
2025-09-02 20:37:45,Z3-Produce,5.23,90.54,5 to 10 °C,80 to 95%
2025-09-02 20:37:45,Z4-Pharma,2.11,54.79,2 to 8 °C,50 to 60%
2025-09-02 20:37:55,Z1-Freezer,-21.47,55.34,-22 to -18 °C,50 to 70%
2025-09-02 20:37:55,Z2-Chiller,3.34,71.67,2 to 5 °C,70 to 80%
2025-09-02 20:37:55,Z3-Produce,5.22,89.2,5 to 10 °C,80 to 95%
2025-09-02 20:37:55,Z4-Pharma,2.7,56.61,2 to 8 °C,50 to 60%
2025-09-02 20:38:05,Z1-Freezer,-21.43,55.3,-22 to -18 °C,50 to 70%
2025-09-02 20:38:05,Z2-Chiller,2.91,72.37,2 to 5 °C,70 to 80%
2025-09-02 20:38:05,Z3-Produce,4.8,91.17,5 to 10 °C,80 to 95%
2025-09-02 20:38:05,Z4-Pharma,3.44,54.69,2 to 8 °C,50 to 60%
2025-09-02 20:38:15,Z1-Freezer,-21.93,56.41,-22 to -18 °C,50 to 70%
2025-09-02 20:38:15,Z2-Chiller,1.97,73.51,2 to 5 °C,70 to 80%
2025-09-02 20:38:15,Z3-Produce,5.4,90.35,5 to 10 °C,80 to 95%
2025-09-02 20:38:15,Z4-Pharma,3.6,54.31,2 to 8 °C,50 to 60%
2025-09-02 20:38:25,Z1-Freezer,-21.84,55.3,-22 to -18 °C,50 to 70%
2025-09-02 20:38:25,Z2-Chiller,1.94,74.43,2 to 5 °C,70 to 80%
2025-09-02 20:38:25,Z3-Produce,4.75,88.65,5 to 10 °C,80 to 95%
2025-09-02 20:38:25,Z4-Pharma,3.33,55.79,2 to 8 °C,50 to 60%
2025-09-02 20:38:35,Z1-Freezer,-22.05,54.97,-22 to -18 °C,50 to 70%
2025-09-02 20:38:35,Z2-Chiller,1.81,74.1,2 to 5 °C,70 to 80%
2025-09-02 20:38:35,Z3-Produce,5.49,87.58,5 to 10 °C,80 to 95%
2025-09-02 20:38:35,Z4-Pharma,3.28,55.22,2 to 8 °C,50 to 60%
2025-09-02 20:38:45,Z1-Freezer,-21.33,54.94,-22 to -18 °C,50 to 70%
2025-09-02 20:38:45,Z2-Chiller,2.4,72.98,2 to 5 °C,70 to 80%
2025-09-02 20:38:45,Z3-Produce,4.78,88.49,5 to 10 °C,80 to 95%
2025-09-02 20:38:45,Z4-Pharma,3.04,55.98,2 to 8 °C,50 to 60%
2025-09-02 20:38:55,Z1-Freezer,-21.43,58.14,-22 to -18 °C,50 to 70%
2025-09-02 20:38:55,Z2-Chiller,2.72,73.41,2 to 5 °C,70 to 80%
2025-09-02 20:38:55,Z3-Produce,5.44,87.71,5 to 10 °C,80 to 95%
2025-09-02 20:38:55,Z4-Pharma,3.05,57.01,2 to 8 °C,50 to 60%
2025-09-02 20:39:05,Z1-Freezer,-21.93,58.82,-22 to -18 °C,50 to 70%
2025-09-02 20:39:05,Z2-Chiller,2.71,73.34,2 to 5 °C,70 to 80%
2025-09-02 20:39:05,Z3-Produce,5.29,87.46,5 to 10 °C,80 to 95%
2025-09-02 20:39:05,Z4-Pharma,2.68,59.14,2 to 8 °C,50 to 60%
2025-09-02 20:39:15,Z1-Freezer,-21.32,60.6,-22 to -18 °C,50 to 70%
2025-09-02 20:39:15,Z2-Chiller,2.86,72.82,2 to 5 °C,70 to 80%
2025-09-02 20:39:15,Z3-Produce,5.35,87.29,5 to 10 °C,80 to 95%
2025-09-02 20:39:15,Z4-Pharma,1.42,61.28,2 to 8 °C,50 to 60%
2025-09-02 20:39:25,Z1-Freezer,-22.58,60.91,-22 to -18 °C,50 to 70%
2025-09-02 20:39:25,Z2-Chiller,2.71,74.06,2 to 5 °C,70 to 80%
2025-09-02 20:39:25,Z3-Produce,4.98,87.6,5 to 10 °C,80 to 95%
2025-09-02 20:39:25,Z4-Pharma,2.11,57.98,2 to 8 °C,50 to 60%
2025-09-02 20:39:35,Z1-Freezer,-22.23,61.39,-22 to -18 °C,50 to 70%
2025-09-02 20:39:35,Z2-Chiller,2.74,71.0,2 to 5 °C,70 to 80%
2025-09-02 20:39:35,Z3-Produce,5.06,90.44,5 to 10 °C,80 to 95%
2025-09-02 20:39:35,Z4-Pharma,2.12,58.07,2 to 8 °C,50 to 60%
2025-09-02 20:39:45,Z1-Freezer,-22.1,60.81,-22 to -18 °C,50 to 70%
2025-09-02 20:39:45,Z2-Chiller,3.48,71.52,2 to 5 °C,70 to 80%
2025-09-02 20:39:45,Z3-Produce,5.56,89.05,5 to 10 °C,80 to 95%
2025-09-02 20:39:45,Z4-Pharma,2.62,55.76,2 to 8 °C,50 to 60%
2025-09-02 20:39:55,Z1-Freezer,-21.37,60.41,-22 to -18 °C,50 to 70%
2025-09-02 20:39:55,Z2-Chiller,2.87,74.12,2 to 5 °C,70 to 80%
2025-09-02 20:39:55,Z3-Produce,5.21,89.46,5 to 10 °C,80 to 95%
2025-09-02 20:39:55,Z4-Pharma,2.43,56.1,2 to 8 °C,50 to 60%
2025-09-02 20:40:05,Z1-Freezer,-21.86,64.39,-22 to -18 °C,50 to 70%
2025-09-02 20:40:05,Z2-Chiller,2.83,72.54,2 to 5 °C,70 to 80%
2025-09-02 20:40:05,Z3-Produce,4.75,89.4,5 to 10 °C,80 to 95%
2025-09-02 20:40:05,Z4-Pharma,2.43,55.85,2 to 8 °C,50 to 60%
2025-09-02 20:40:15,Z1-Freezer,-22.07,65.51,-22 to -18 °C,50 to 70%
2025-09-02 20:40:15,Z2-Chiller,2.13,73.82,2 to 5 °C,70 to 80%
2025-09-02 20:40:15,Z3-Produce,4.74,88.83,5 to 10 °C,80 to 95%
2025-09-02 20:40:15,Z4-Pharma,2.13,56.91,2 to 8 °C,50 to 60%
2025-09-02 20:40:25,Z1-Freezer,-22.06,65.45,-22 to -18 °C,50 to 70%
2025-09-02 20:40:25,Z2-Chiller,2.23,71.71,2 to 5 °C,70 to 80%
2025-09-02 20:40:25,Z3-Produce,5.06,88.87,5 to 10 °C,80 to 95%
2025-09-02 20:40:25,Z4-Pharma,1.8,57.77,2 to 8 °C,50 to 60%
2025-09-02 20:40:35,Z1-Freezer,-22.07,66.02,-22 to -18 °C,50 to 70%
2025-09-02 20:40:35,Z2-Chiller,2.17,72.7,2 to 5 °C,70 to 80%
2025-09-02 20:40:35,Z3-Produce,4.99,87.2,5 to 10 °C,80 to 95%
2025-09-02 20:40:35,Z4-Pharma,1.85,57.65,2 to 8 °C,50 to 60%
2025-09-02 20:40:45,Z1-Freezer,-21.42,65.05,-22 to -18 °C,50 to 70%
2025-09-02 20:40:45,Z2-Chiller,2.37,73.05,2 to 5 °C,70 to 80%
2025-09-02 20:40:45,Z3-Produce,5.09,86.04,5 to 10 °C,80 to 95%
2025-09-02 20:40:45,Z4-Pharma,2.18,56.02,2 to 8 °C,50 to 60%
2025-09-02 20:40:55,Z1-Freezer,-21.76,64.7,-22 to -18 °C,50 to 70%
2025-09-02 20:40:55,Z2-Chiller,2.11,73.12,2 to 5 °C,70 to 80%
2025-09-02 20:40:55,Z3-Produce,5.2,85.9,5 to 10 °C,80 to 95%
2025-09-02 20:40:55,Z4-Pharma,2.32,56.77,2 to 8 °C,50 to 60%
2025-09-02 20:41:05,Z1-Freezer,-21.81,65.15,-22 to -18 °C,50 to 70%
2025-09-02 20:41:05,Z2-Chiller,2.31,73.36,2 to 5 °C,70 to 80%
2025-09-02 20:41:05,Z3-Produce,4.79,87.28,5 to 10 °C,80 to 95%
2025-09-02 20:41:05,Z4-Pharma,1.76,57.65,2 to 8 °C,50 to 60%
2025-09-02 20:41:15,Z1-Freezer,-22.14,66.44,-22 to -18 °C,50 to 70%
2025-09-02 20:41:15,Z2-Chiller,2.16,74.31,2 to 5 °C,70 to 80%
2025-09-02 20:41:15,Z3-Produce,5.03,87.49,5 to 10 °C,80 to 95%
2025-09-02 20:41:15,Z4-Pharma,2.01,57.5,2 to 8 °C,50 to 60%
2025-09-02 20:41:25,Z1-Freezer,-22.15,67.03,-22 to -18 °C,50 to 70%
2025-09-02 20:41:25,Z2-Chiller,1.85,76.17,2 to 5 °C,70 to 80%
2025-09-02 20:41:25,Z3-Produce,5.77,86.07,5 to 10 °C,80 to 95%
2025-09-02 20:41:25,Z4-Pharma,2.34,57.62,2 to 8 °C,50 to 60%
2025-09-02 20:41:35,Z1-Freezer,-21.75,67.79,-22 to -18 °C,50 to 70%
2025-09-02 20:41:35,Z2-Chiller,2.18,74.47,2 to 5 °C,70 to 80%
2025-09-02 20:41:35,Z3-Produce,5.66,87.06,5 to 10 °C,80 to 95%
2025-09-02 20:41:35,Z4-Pharma,2.13,61.04,2 to 8 °C,50 to 60%
2025-09-02 20:41:45,Z1-Freezer,-21.72,66.6,-22 to -18 °C,50 to 70%
2025-09-02 20:41:45,Z2-Chiller,2.92,73.12,2 to 5 °C,70 to 80%
2025-09-02 20:41:45,Z3-Produce,5.22,88.96,5 to 10 °C,80 to 95%
2025-09-02 20:41:45,Z4-Pharma,1.92,60.08,2 to 8 °C,50 to 60%
2025-09-02 20:41:55,Z1-Freezer,-21.63,65.57,-22 to -18 °C,50 to 70%
2025-09-02 20:41:55,Z2-Chiller,2.9,72.52,2 to 5 °C,70 to 80%
2025-09-02 20:41:55,Z3-Produce,5.34,89.54,5 to 10 °C,80 to 95%
2025-09-02 20:41:55,Z4-Pharma,1.92,58.88,2 to 8 °C,50 to 60%
2025-09-02 20:42:05,Z1-Freezer,-22.1,67.45,-22 to -18 °C,50 to 70%
2025-09-02 20:42:05,Z2-Chiller,3.52,71.95,2 to 5 °C,70 to 80%
2025-09-02 20:42:05,Z3-Produce,4.75,90.96,5 to 10 °C,80 to 95%
2025-09-02 20:42:05,Z4-Pharma,1.85,58.86,2 to 8 °C,50 to 60%
2025-09-02 20:42:15,Z1-Freezer,-21.94,67.02,-22 to -18 °C,50 to 70%
2025-09-02 20:42:15,Z2-Chiller,3.42,70.99,2 to 5 °C,70 to 80%
2025-09-02 20:42:15,Z3-Produce,5.49,90.1,5 to 10 °C,80 to 95%
2025-09-02 20:42:15,Z4-Pharma,1.78,58.77,2 to 8 °C,50 to 60%
2025-09-02 20:42:25,Z1-Freezer,-21.91,69.96,-22 to -18 °C,50 to 70%
2025-09-02 20:42:25,Z2-Chiller,2.16,74.78,2 to 5 °C,70 to 80%
2025-09-02 20:42:25,Z3-Produce,4.97,91.6,5 to 10 °C,80 to 95%
2025-09-02 20:42:25,Z4-Pharma,2.52,56.5,2 to 8 °C,50 to 60%
2025-09-02 20:42:35,Z1-Freezer,-21.92,69.13,-22 to -18 °C,50 to 70%
2025-09-02 20:42:35,Z2-Chiller,2.64,72.69,2 to 5 °C,70 to 80%
2025-09-02 20:42:35,Z3-Produce,5.41,89.66,5 to 10 °C,80 to 95%
2025-09-02 20:42:35,Z4-Pharma,2.29,55.38,2 to 8 °C,50 to 60%
2025-09-02 20:42:45,Z1-Freezer,-22.19,69.96,-22 to -18 °C,50 to 70%
2025-09-02 20:42:45,Z2-Chiller,2.3,73.93,2 to 5 °C,70 to 80%
2025-09-02 20:42:45,Z3-Produce,5.37,89.26,5 to 10 °C,80 to 95%
2025-09-02 20:42:45,Z4-Pharma,2.38,54.83,2 to 8 °C,50 to 60%
2025-09-02 20:42:55,Z1-Freezer,-22.15,69.71,-22 to -18 °C,50 to 70%
2025-09-02 20:42:55,Z2-Chiller,2.62,72.78,2 to 5 °C,70 to 80%
2025-09-02 20:42:55,Z3-Produce,4.11,90.74,5 to 10 °C,80 to 95%
2025-09-02 20:42:55,Z4-Pharma,2.31,54.15,2 to 8 °C,50 to 60%
2025-09-02 20:43:05,Z1-Freezer,-22.25,69.32,-22 to -18 °C,50 to 70%
2025-09-02 20:43:05,Z2-Chiller,2.17,73.6,2 to 5 °C,70 to 80%
2025-09-02 20:43:05,Z3-Produce,4.85,88.92,5 to 10 °C,80 to 95%
2025-09-02 20:43:05,Z4-Pharma,2.24,54.51,2 to 8 °C,50 to 60%
2025-09-02 20:43:15,Z1-Freezer,-21.51,67.77,-22 to -18 °C,50 to 70%
2025-09-02 20:43:15,Z2-Chiller,1.94,77.06,2 to 5 °C,70 to 80%
2025-09-02 20:43:15,Z3-Produce,5.31,87.71,5 to 10 °C,80 to 95%
2025-09-02 20:43:15,Z4-Pharma,1.74,56.42,2 to 8 °C,50 to 60%
2025-09-02 20:43:25,Z1-Freezer,-21.77,69.42,-22 to -18 °C,50 to 70%
2025-09-02 20:43:25,Z2-Chiller,2.25,74.38,2 to 5 °C,70 to 80%
2025-09-02 20:43:25,Z3-Produce,5.58,88.8,5 to 10 °C,80 to 95%
2025-09-02 20:43:25,Z4-Pharma,1.9,55.94,2 to 8 °C,50 to 60%
2025-09-02 20:43:35,Z1-Freezer,-21.9,69.53,-22 to -18 °C,50 to 70%
2025-09-02 20:43:35,Z2-Chiller,1.91,75.93,2 to 5 °C,70 to 80%
2025-09-02 20:43:35,Z3-Produce,5.38,87.88,5 to 10 °C,80 to 95%
2025-09-02 20:43:35,Z4-Pharma,2.63,52.92,2 to 8 °C,50 to 60%
2025-09-02 20:43:45,Z1-Freezer,-21.88,69.94,-22 to -18 °C,50 to 70%
2025-09-02 20:43:45,Z2-Chiller,0.65,79.01,2 to 5 °C,70 to 80%
2025-09-02 20:43:45,Z3-Produce,5.2,88.49,5 to 10 °C,80 to 95%
2025-09-02 20:43:45,Z4-Pharma,2.36,52.12,2 to 8 °C,50 to 60%
2025-09-02 20:43:55,Z1-Freezer,-22.03,68.02,-22 to -18 °C,50 to 70%
2025-09-02 20:43:55,Z2-Chiller,1.39,78.24,2 to 5 °C,70 to 80%
2025-09-02 20:43:55,Z3-Produce,5.18,89.73,5 to 10 °C,80 to 95%
2025-09-02 20:43:55,Z4-Pharma,2.42,52.79,2 to 8 °C,50 to 60%
